BranchID,BranchName,BranchAddress
1,Shaw Ltd,"USCGC Whitney
FPO AP 34274"
2,Castillo-Bell,"358 Connie Fort Apt. 573
Kimchester, ME 83801"
3,"Harris, Randolph and Johns","USS Sullivan
FPO AP 14466"
4,"Hayes, Wilson and Taylor","24435 Gomez Ville
New Christinaborough, GU 54053"
5,Brown Group,"7573 Cassidy Ports
Danielview, DE 97424"
6,"Perez, James and Cook","475 Lee Trace Suite 096
Port Derrickside, OH 73316"
7,Manning and Sons,"051 Reed Unions Apt. 672
East Patrick, LA 63870"
8,"Dodson, Ramsey and Nielsen","348 Griffin Mount
Russellborough, DC 61686"
9,"Boone, Hall and Fernandez","0050 Prince Stream
Michelletown, VT 17199"
10,"Glover, Hickman and Camacho","951 Rebecca Harbor Suite 286
Port Michellehaven, ID 65625"
11,Lane Inc,"07313 Colleen Plain
Calebberg, IL 77831"
12,"Barnes, Johnson and Campbell","0519 Shaw Bypass Suite 146
Wadechester, OH 77975"
13,Wang-Graves,"328 Jones View
Port Steven, CO 93610"
14,Baker-Ward,"USNS Mcdonald
FPO AP 31813"
15,Adkins-Garcia,"95606 Gould Junction Suite 274
Quinnview, AS 18161"
16,"Edwards, Ramirez and Brown","20101 Young Ville
Matthewview, SC 65448"
17,Rich-Baxter,"8204 Kimberly Islands Suite 355
Sherrybury, KY 07065"
18,Leach LLC,"608 Hannah Landing Apt. 316
Laneshire, MN 22326"
19,Palmer-Brown,"USCGC Rojas
FPO AE 47054"
20,Lee Inc,"4965 Zachary Rapid
Odomfurt, NY 07811"
21,"Davis, Little and Ward","509 Oconnor Lock
Mejialand, PR 24168"
22,Boyd-Young,"567 Theodore Springs
Lake Kimberly, PA 09304"
23,Terry LLC,"Unit 1293 Box 7626
DPO AE 76606"
24,Phillips-Atkins,"97184 Savage Points
East Kristina, MP 07842"
25,White-Brown,"8714 Vanessa Club
Port Benjaminport, UT 28732"
26,"Castro, Freeman and Turner","2149 Brandt Pines Apt. 932
Vaughnburgh, NE 31452"
27,"Kennedy, Clay and Padilla","1156 Steele Parks Apt. 343
Meganstad, NY 38802"
28,"Fields, Diaz and Vega","281 Hernandez Expressway Suite 557
West Olivia, CA 48864"
29,Sanchez-Bryant,"762 Erica Ferry Apt. 254
Ryanshire, MH 44651"
30,Johnson and Sons,"USCGC Nguyen
FPO AE 01519"
31,Santiago-Palmer,"Unit 3092 Box 6429
DPO AE 01852"
32,Mcdowell-Smith,"6475 Jennifer Station Suite 621
Kellyside, NJ 15962"
33,Hughes Ltd,"32458 Cory Plains
Valentineshire, PA 90367"
34,Hess-Sanchez,"USS Duncan
FPO AA 17069"
35,Rasmussen and Sons,"1559 Jenna Loaf Suite 517
Port Julian, IA 28917"
36,Hodge Inc,"77015 Kevin Fords Apt. 499
East Cheryl, MS 36397"
37,"Donaldson, Rodriguez and Strickland","151 Shawn Run
Lynnchester, NY 76140"
38,Perkins LLC,"70869 Long Camp Apt. 958
North Carl, CA 80004"
39,Kaiser and Sons,"2889 Steele Crossing
North Laura, VA 30959"
40,Ramirez-Mitchell,"USNV Wilkinson
FPO AE 22637"
41,"Black, Savage and Larson","133 Russell Flat Suite 469
Kingmouth, MD 32915"
42,Carney and Sons,"621 Robert Junction
Port Robertshire, AR 55627"
43,"Cox, Hansen and Kelly","3378 James Track
Lake Lauren, NC 23784"
44,Wong-Barajas,"USS Baker
FPO AE 70483"
45,Nielsen-Schaefer,"6011 Jones Tunnel Suite 482
Josephhaven, NV 39608"
46,Frye-Jones,"4024 Rachel Walks Suite 146
West Aaron, AZ 39626"
47,"Schwartz, Hayes and Campos","9885 John Pass Suite 282
Dennisview, ND 81247"
48,"Jacobson, Bryan and Montgomery","7641 Carrie Camp
Nguyenfurt, WA 26888"
49,"Velez, Barnes and Wyatt","84744 Wright Track Apt. 893
Dannyborough, SC 71591"
50,Smith-Carroll,"83032 Smith Ferry Suite 801
Johnsonstad, NY 60923"
51,Tran Ltd,"966 Shelly Roads Suite 278
Edwardfurt, AL 49752"
52,"Jones, Chang and Brewer","22090 Carter Fork Suite 956
Wallacestad, WI 38058"
53,Yang LLC,"9154 Joseph Lights
North Lauren, VI 45314"
54,Garcia-Silva,"6034 Guzman Drives
Timothyburgh, MT 81076"
55,Chen-Dean,"83729 Lopez Fall Suite 040
Robertville, KY 55831"
56,Horton and Sons,"PSC 6974, Box 1183
APO AP 67934"
57,Dawson-Griffin,"PSC 3083, Box 1154
APO AE 69374"
58,Miller and Sons,"789 Griffin Fields
Christineberg, NM 91274"
59,Lee-Barnett,"355 Stephanie Mission
Diazshire, MH 39094"
60,Ross-Kelly,"90895 Allen Dam
Seantown, KS 94405"
61,Phillips Group,"242 Amy Place Suite 967
Toddview, ID 61930"
62,Henry-Hunter,"569 Booker Center Apt. 980
Morrisstad, PW 81289"
63,"Morales, Hill and Williams","700 Richard Drive
Lake Deborahmouth, NM 42624"
64,Nguyen-Adams,"42454 Michael Estates Apt. 442
New Amandaton, ID 12652"
65,"Harris, Thomas and Johnson","537 Thomas Pine
North Robertchester, MN 99342"
66,"Tran, Craig and Rodriguez","15149 Steven Radial
Lake Pamela, MA 29141"
67,"Tran, Washington and Bryan","1679 Mccoy Squares Apt. 796
Port Logan, ND 78693"
68,Austin PLC,"438 Robertson Glens Apt. 301
South Robertview, DC 20099"
69,Sherman Group,"7455 Peterson Greens
Port Teresahaven, TN 63087"
70,Lee-Garza,"82690 Christie Fork
North Bryan, CA 89126"
71,Ramsey-Hill,"USCGC Hodge
FPO AP 22165"
72,Hill-Fernandez,"665 Davis Tunnel
Smithfort, AS 32016"
73,"Jones, Morgan and Flores","56526 Jesse Wall
Margaretborough, NJ 25468"
74,"Boone, Torres and Brown","554 Tracy Manors
Lake Derek, NH 67983"
75,Williamson LLC,"33297 Monica Cape
South Jefferyberg, WA 74214"
76,"Lopez, Conrad and Ramirez","881 Nicholas Glens
North Matthewchester, IA 72383"
77,Hamilton LLC,"PSC 8500, Box 3805
APO AA 53782"
78,"James, Smith and Reeves","77594 Mcpherson Hills
South Brittanychester, WA 29548"
79,Ford-Burnett,"356 Shirley Mission Apt. 904
Lake Rachel, ME 60173"
80,Watkins-Thomas,"795 Farmer Center
Joseville, MP 79635"
81,Nichols-Hall,"19091 Erica Bypass Suite 435
Port Charles, NC 54811"
82,"Mercado, Jackson and Pitts","794 John Trail
Mcdanielstad, LA 70936"
83,Reyes Ltd,"9650 Anthony Walks Apt. 375
Crawfordborough, IA 11352"
84,Williams-Turner,"0168 Jesse Hill
Reneefurt, UT 67652"
85,"Donaldson, Hall and Jackson","816 Smith Turnpike Apt. 075
Joycetown, IA 80001"
86,"Rodriguez, Johnson and Cobb","6524 Sarah Walks Apt. 902
Lake Brandyland, MP 84469"
87,Barker Group,"4491 Roach Forges
Andersenfurt, MP 10900"
88,Martinez-Wilson,"26121 Corey Circles Suite 904
West Michaelstad, SC 76253"
89,Anderson Ltd,"Unit 3647 Box 3728
DPO AP 02308"
90,Woodward PLC,"270 Foster Shoals
Lake Andrewmouth, HI 79298"
91,Johnson-Bray,"905 Russell Vista Apt. 275
East Brittanyville, PR 51092"
92,Meyer-Anderson,"202 Taylor Park
South James, NE 67722"
93,Patel and Sons,"058 Chelsea Pass Suite 767
Harperton, VT 59315"
94,Rivera Inc,"9767 Jenkins Ridges
Fisherfort, SD 23461"
95,Nelson-Smith,"597 Melissa River Apt. 513
Port Amy, VT 00960"
96,Benitez and Sons,"94085 Hall Branch Apt. 226
Randytown, UT 58824"
97,Cameron Ltd,"163 Matthew Mount Suite 367
South Thomas, RI 60977"
98,Jackson PLC,"7910 Jack Station
New Laurentown, SC 92310"
99,Morrison Ltd,"83241 Jacqueline Ranch Suite 222
South Justin, WY 18084"
100,"Forbes, Smith and Allen","847 Lauren Garden Apt. 666
Hollandside, NE 02944"
101,Mercer and Sons,"365 Mary Forks
Kristenside, AS 60286"
102,Soto LLC,"USNV Gould
FPO AA 84530"
103,"Hahn, Howard and Davis","3950 Harrington Land
Tammybury, MD 84195"
104,"Evans, Dawson and Saunders","896 John Island
Matthewside, WA 15629"
105,"Nelson, Rodriguez and Ross","8754 Friedman Shoal
Porterberg, RI 44816"
106,Le-Robinson,"3619 Davis Pike Apt. 025
Lake Janet, DE 95986"
107,Gates-Clark,"4192 Robert Extension Suite 569
Hancockchester, MT 34765"
108,Stephens Group,"9167 Anna Causeway Suite 156
New Vickie, PR 55621"
109,Wilson LLC,"676 Mcknight Brook
New Lauraborough, RI 62630"
110,"Cook, Rios and Morrow","8081 Mason Causeway Suite 869
West Catherine, NC 06984"
111,"Hendricks, Valdez and Rice","099 Richard Junction Suite 338
Combschester, IN 56338"
112,"Miller, Stewart and Jenkins","9454 Samuel Coves
East Karen, IL 18271"
113,"Wood, Palmer and Donaldson","USS Brown
FPO AP 48187"
114,Simmons Inc,"58205 Ramirez Point
Leeside, MN 18711"
115,"Gomez, Alvarez and Davis","904 Alexander Islands Apt. 666
Robertsonville, MT 83254"
116,Castillo Inc,"38459 Wilson Shore Suite 296
Coxstad, WY 58547"
117,"Holloway, Cunningham and Wilson","128 Joshua Pine Suite 292
Rosehaven, WI 58546"
118,Rodriguez-Torres,"03478 Ponce Stream Suite 374
East Richardville, MP 48985"
119,"Marsh, Hill and Haley","6280 Shelley Harbors Apt. 662
Kristenhaven, IL 66895"
120,"Jenkins, Hall and Phillips","81067 John Mill
East Reginaldborough, IL 14792"
121,"Martin, Daniels and Duke","28653 Wise Run
Scotttown, LA 86199"
122,Gonzalez-Ryan,"6905 Hernandez Squares
Kennethshire, AL 73849"
123,Brown LLC,"491 Joel Green Suite 929
Daniellefurt, RI 32245"
124,Simpson LLC,"84729 Jones Square
Clinemouth, MD 34610"
125,"Fisher, Hurst and Washington","24027 Marie Lights Apt. 343
Lake Robertfort, VA 88645"
126,"Flores, Costa and Turner","PSC 2307, Box 7842
APO AP 67557"
127,Rodriguez and Sons,"0695 Wyatt Brooks
Michealton, OR 67038"
128,Bowers and Sons,"75295 Amber Port
Shellychester, NJ 74635"
129,"Bryan, Brown and Hendricks","PSC 7736, Box 8228
APO AP 43412"
130,Brooks-Roberts,"09855 Robert Park
East Sean, SC 79570"
131,Smith PLC,"Unit 2355 Box 2061
DPO AA 44063"
132,Stark Group,"39239 Bryan Alley Apt. 198
New Paula, HI 02558"
133,"Prince, Holmes and Turner","39055 Victor Run
South Connie, MH 51654"
134,Ferguson and Sons,"00981 Robert Harbor
Port Ryanside, VA 66158"
135,Fernandez PLC,"1398 Mark Squares Suite 317
West Nicholas, GU 73420"
136,"Poole, Carr and Garrison","013 April Falls
Pattersonton, VA 03206"
137,Vaughn-Bryant,"PSC 3534, Box 8184
APO AA 66471"
138,Brown-Hurst,"9757 Rhonda Isle
Pierceshire, MS 54676"
139,"Rodriguez, Bryan and Reed","35186 Baker Parkway Suite 440
North Patricia, MO 53211"
140,Soto-Martin,"20044 Lynch Corners
Williamsburgh, SC 13428"
141,"Marshall, Robertson and Hogan","525 Jessica Forest
North Brandy, DC 99567"
142,Ritter-Church,"1139 Brown Estates
Lake Stevenburgh, AK 55895"
143,"Weber, Parker and Hodges","73371 Jacqueline Roads Apt. 555
North Jamie, IL 13635"
144,"Smith, Taylor and Evans","326 Tara Square Apt. 874
Wyattburgh, WV 11239"
145,Jackson and Sons,"195 Vincent Centers Suite 102
Amychester, ID 10070"
146,Powers-Pearson,"195 Lindsey Crossroad Suite 309
South Beth, SC 04354"
147,Lopez-Yang,"362 Nicholas Plains Apt. 397
North Amanda, RI 84413"
148,"Hunter, Vaughn and Martinez","83208 Brown Vista
Stephanieville, PW 55796"
149,"Branch, Jones and Nichols","5720 Nicholas Spurs
Victoriafurt, DE 03792"
150,Jones-Martinez,"27089 Williams Prairie Suite 362
Ortizberg, NV 41687"
151,Moore Ltd,"PSC 5937, Box 2509
APO AE 70429"
152,"Hayes, Hunter and Trujillo","4840 Chambers Ford
West Sonya, MH 47045"
153,Gray-Evans,"307 Anderson Springs Suite 250
Frankfort, AR 97254"
154,"Kline, Hall and Nguyen","114 Davenport Key Suite 199
Fernandezstad, FL 60622"
155,"Lyons, Miller and Pugh","85729 Blair Court Suite 210
East Becky, NE 14558"
156,Weiss Inc,"266 Mark Hill Suite 535
Obrienland, NE 86905"
157,Welch-Herman,"9482 Melissa Greens Apt. 586
South Justin, ND 34017"
158,Howard and Sons,"576 Jesse Extension Suite 664
Josephborough, IN 38535"
159,Schwartz-Spencer,"623 Blair Fall
Amberville, PR 52917"
160,Campbell Group,"0818 Jacobs Centers
South Victoria, AR 77530"
161,"Moore, Lee and Smith","1841 Aguirre Haven
South Whitneyland, UT 89115"
162,Davis-Williams,"5490 Hayes Curve
Emilymouth, NM 33372"
163,Hess-Ford,"2831 Duarte Track Suite 535
Port Amber, KS 35842"
164,King-Hess,"7453 Rodriguez Shoals Suite 805
Lake Aliciaside, NJ 71897"
165,"Vasquez, Barnes and Brooks","788 Elizabeth Rapids
Lake Amy, FL 81574"
166,Hendrix-Ali,"17792 Ortega Greens Suite 081
Port Douglas, IL 57346"
167,Chang LLC,"PSC 8100, Box 8670
APO AE 61843"
168,"Adkins, Wyatt and Johnson","3434 Amanda Port Suite 314
Brooksmouth, CT 20096"
169,Johnson and Sons,"71737 Fernandez Estates Apt. 428
East Anthony, MT 57335"
170,Miller-Simmons,"330 Griffin Valley Suite 872
Fletcherberg, CT 03444"
171,"Harvey, Davis and Thompson","1001 Austin Path Suite 684
Port Shannonview, OH 44554"
172,"Jackson, Holmes and Tapia","55155 Joseph Lakes
West Kristinfort, ME 80312"
173,Murphy PLC,"49912 Mcdonald Underpass
Jasonfort, VA 34636"
174,Scott-Hall,"9489 Graves Lane Suite 955
Port Patriciahaven, OK 43498"
175,Flores-Lucas,"29478 Jennifer Summit
South Candice, CA 83243"
176,"Stewart, Allen and Adams","89540 Ibarra Junctions Suite 451
East Shelby, NE 67858"
177,"Todd, Robinson and Dickson","201 Sullivan Views Apt. 753
Lake Cory, IA 18819"
178,Ewing-Rice,"6674 Ronald Avenue Apt. 961
Woodfurt, FM 77498"
179,Mcdonald Inc,"969 Williams Club Apt. 492
Lake Thomasville, KS 72304"
180,Wallace-Whitehead,"545 Williamson Corner
New Alexchester, NM 06845"
181,Moore PLC,"43225 Carla Divide
South Joshuaport, CO 23839"
182,Smith-Brooks,"4107 Maria Plains
East Philip, WY 71501"
183,Richardson Inc,"87094 Snyder Villages
Vaughnberg, OH 26561"
184,"Baldwin, Moore and Gibson","450 Miller Stravenue Suite 367
Edwardchester, NV 22530"
185,"Banks, Warren and Johnson","3656 Larson Plaza
Cartermouth, GU 88414"
186,Castillo and Sons,"27356 Woods Squares Apt. 249
Sweeneyside, AK 37176"
187,Leonard Ltd,"Unit 7429 Box 6596
DPO AA 94483"
188,"Yates, Vang and Bennett","75018 Kyle Via Suite 572
West Michaelside, GU 55526"
189,Allen Group,"PSC 8042, Box 7805
APO AP 14570"
190,Ayala-Murray,"459 Fernandez Brooks Apt. 932
Hernandezburgh, WI 32577"
191,"Wright, Montoya and Trujillo","316 Phillip Ford Apt. 860
Reedtown, CO 58481"
192,Wood-Thornton,"PSC 1019, Box 1486
APO AP 65700"
193,Meyer-Clark,"7844 Henry Light
East Keith, SD 97162"
194,Taylor-Thompson,"648 Mark Square Apt. 828
South Rebekah, ID 94295"
195,Berry LLC,"78363 Jessica Shores
North Michael, OH 32614"
196,Sims Inc,"655 Oconnor Place
Laurenberg, MD 30243"
197,Hoffman Inc,"210 Obrien Trafficway
Theodorebury, NY 82294"
198,Beasley-Molina,"6078 Robinson Flat
Michaelfort, NC 29411"
199,"Williams, Hernandez and Collins","553 Wallace Via
South Raymond, NJ 33072"
200,Peterson-Cross,"PSC 2766, Box 9844
APO AE 71244"
201,"Dawson, Green and Martinez","USS Diaz
FPO AA 93495"
202,"Stephenson, Young and Anderson","7504 Gallegos Inlet Suite 270
North Crystalchester, IL 80167"
203,"Collins, Richards and Owens","PSC 7841, Box 9314
APO AA 05207"
204,Stokes and Sons,"814 Haynes Turnpike
East Justin, IL 71280"
205,"Wilson, Howard and Herman","736 Reese Lodge
Brownbury, CA 04596"
206,Jones Ltd,"18683 Jennifer Avenue Suite 267
Huertafurt, FL 44490"
207,Harris Ltd,"5552 John Prairie
New Brentborough, KY 78830"
208,Taylor-Reynolds,"88901 Austin Lodge
Melanieberg, MA 97304"
209,Kelley LLC,"385 Mary Point Suite 595
Port Michaelfort, NC 24399"
210,"Franco, Ho and Martinez","30604 Deborah Creek
Jenkinsstad, MN 94349"
211,"Armstrong, Nichols and Carrillo","018 Shannon Stravenue
Lake Nicholas, CO 51006"
212,"Vega, Conway and Smith","24336 Harrison Bridge
Jefferymouth, UT 03695"
213,"Cowan, Henderson and Love","5807 Fernandez Pass
East Christopher, IA 74848"
214,Robinson-Thomas,"061 Matthew Island
New Rebecca, RI 53131"
215,"Smith, Thompson and Thompson","440 Gonzales Trace Apt. 494
Bakerhaven, OK 19351"
216,Lane Ltd,"87643 Perez Flats Suite 462
North Greg, SC 61301"
217,Roberts-Ibarra,"40631 Torres Lodge Suite 832
North Amanda, NY 27048"
218,Brown-Hale,"2479 Madison Groves
Alexanderhaven, NC 33743"
219,"Campbell, Snyder and Orozco","97114 Ralph Spring
West Laurastad, OH 92202"
220,Williams PLC,"3936 Nicole Courts Apt. 099
New Sandra, MT 50633"
221,Ferguson-Brady,"1548 Green Glens
Acostaburgh, VI 24490"
222,Guzman PLC,"0266 Deleon Harbor Apt. 988
Gonzalesfort, OK 41659"
223,Guzman PLC,"PSC 0094, Box 1702
APO AE 33771"
224,"Morris, Mccoy and Ramirez","85927 Lewis Vista
Hutchinsonbury, VI 36721"
225,"Ewing, Velazquez and Todd","6459 Ibarra Ridges
Port Tamara, UT 20112"
226,Nichols-Mcdaniel,"623 Christina Burgs
Ginashire, OK 24057"
227,"Hanson, Rios and Hernandez","27030 Peter Curve Suite 415
Chelseabury, WA 76863"
228,"Reed, Owens and Stein","4272 Rodriguez River
Lestertown, OK 07637"
229,Ramos Inc,"10151 Hill Groves Apt. 346
Glendaborough, ME 26725"
230,"Hale, Smith and Douglas","32525 Anne Place
Chenhaven, MD 59960"
231,Taylor Group,"1487 Vanessa Creek Apt. 952
Lake Jessicaland, TN 10076"
232,Pruitt-Watson,"PSC 7139, Box 7985
APO AE 85735"
233,Mcfarland-Whitney,"59551 Lewis Crossing Apt. 689
Port Joseph, IL 01289"
234,"Thomas, Stout and Kelley","93093 Allison Forge Apt. 226
Webbchester, TN 85810"
235,Duncan-Evans,"44996 Gregory Trace Suite 239
Michaelborough, VA 70217"
236,Preston and Sons,"0540 Joanne Trace
Ernestborough, DE 35355"
237,Jones PLC,"47896 Sharon Hollow
Kimberlyborough, SC 31802"
238,Chambers-Thompson,"088 Brock Landing
Jamiehaven, ID 48827"
239,"Davis, Wells and Fox","337 Figueroa Rue Suite 524
North Elizabeth, NH 41624"
240,"Wallace, Merritt and Stark","473 Monroe Terrace
Adkinsburgh, MH 66471"
241,Schultz PLC,"745 Greene Crescent Suite 348
Christopherside, MN 02382"
242,"Garcia, Campbell and Harris","8618 Jose Fork
Jasmineton, TN 62411"
243,"Norton, Brown and Taylor","1849 Charles Harbor Apt. 348
West Amberborough, MO 13199"
244,"Harrison, Kemp and Rose","7580 Marshall Stream
Anthonyside, TN 08663"
245,Lopez and Sons,"3294 Washington Club
Lake Gregorymouth, OR 87588"
246,"Davidson, Castillo and Garcia","5918 Woods Ranch
Herreraview, NM 79614"
247,Hawkins-Smith,"5107 Ochoa Grove Suite 132
South William, ME 85920"
248,Turner Group,"582 Marissa Ranch Apt. 105
Lake Deanton, ME 76382"
249,"Anderson, Dalton and Cooper","91061 Rodney Rest
Courtneyberg, OK 75906"
250,"Marshall, Rivera and Yoder","5073 Paul Rapid Suite 793
Lake Alexander, MN 47821"
251,Williams LLC,"7640 Weiss Square Suite 399
West Carolshire, NJ 88167"
252,Green PLC,"967 Joseph Heights Apt. 410
Pamelastad, IL 36579"
253,"Lopez, Flores and Ruiz","USCGC Taylor
FPO AP 11339"
254,"Reed, Henderson and Duarte","Unit 1216 Box 0093
DPO AE 95299"
255,Merritt Inc,"9097 Shawn Knolls Suite 733
Johnside, LA 68926"
256,"Fischer, Flynn and Torres","41410 Benjamin Forge
Thompsonchester, ID 91751"
257,Martinez and Sons,"Unit 2011 Box 1117
DPO AE 21687"
258,Garcia-Harris,"942 Kimberly Courts Apt. 101
South Tiffany, CO 31423"
259,Woods-Walsh,"487 Bennett Village
Port Williamshire, IL 04011"
260,"Meyer, Ford and Walls","44163 Theresa Crossroad
South Meghan, MD 02504"
261,"Mcdowell, Holland and Holt","6865 Andrea Manors
Wallmouth, RI 27101"
262,Carrillo-Hull,"115 Karina Bypass Apt. 059
Kevinborough, MS 99153"
263,Cooper-Chavez,"USCGC Watkins
FPO AE 07266"
264,"Navarro, Thomas and Stanton","727 Joanne Dale Apt. 598
Rebeccafurt, CT 26768"
265,"Campbell, Williams and Howell","69044 Davis Fall
South Stephaniefort, MI 93116"
266,Francis LLC,"67750 Rodriguez Walks
South Juan, GU 14675"
267,"Gonzales, Crawford and Pope","Unit 3308 Box 4502
DPO AP 63845"
268,Burgess Ltd,"1765 Morrison Parkway Suite 290
New Lauraport, ME 12581"
269,King Ltd,"4311 Williams Villages Apt. 899
Padillaton, IA 51094"
270,Taylor-Rivera,"5371 Mayo Ports Apt. 985
Allisonmouth, SD 96033"
271,Bean-Rowe,"15787 Bray Lock Suite 618
Jonesville, ND 88089"
272,Thomas-Smith,"PSC 2290, Box 8870
APO AE 83334"
273,Douglas-Carpenter,"225 Ryan Plain Apt. 375
New Amber, MO 13586"
274,Lopez-Robinson,"USNV Harding
FPO AA 32668"
275,"Watson, Perez and Brown","267 Taylor Plaza Apt. 077
Ashleyside, VI 77485"
276,"Mcdaniel, Mueller and Johns","PSC 0186, Box 0754
APO AE 37202"
277,"Hall, Ruiz and Mosley","PSC 3701, Box 6206
APO AP 99635"
278,"Mccoy, Cameron and Williams","8910 Alyssa Flat Suite 618
Port Whitneyborough, MI 45650"
279,Grant-Garcia,"5577 Laura Row Suite 837
New Meganberg, IA 88859"
280,Harris-Blair,"082 Knox Bridge
New Sydney, MA 85975"
281,Ruiz and Sons,"06732 Pearson Inlet Suite 586
East Theresa, PW 41431"
282,"Guzman, Castillo and Summers","975 Jacob Junctions
East Deniseport, IA 08052"
283,"Howe, Bishop and Wise","53297 Crystal Falls
Lake Michael, FM 96298"
284,Mccall-Gray,"83767 Brooks Lock
Barbaraburgh, WI 42516"
285,Trujillo-Miller,"PSC 3988, Box 5291
APO AP 40441"
286,Garrett-Hernandez,"939 Aaron Expressway Apt. 035
Christopherberg, DE 25416"
287,Little and Sons,"676 Spencer Inlet
South Elizabeth, GA 20217"
288,Ruiz LLC,"24396 Williamson Keys
Dickersonville, OK 13198"
289,"Rasmussen, Lynch and Rose","51637 Gregory Valleys
Robertsville, GA 41526"
290,"Phillips, Duarte and Williams","Unit 8434 Box 1141
DPO AA 12389"
291,Sanchez-Campbell,"5041 Leslie Summit Apt. 066
North Patrick, VT 26090"
292,Robinson-Stone,"94394 Samantha Center Apt. 568
Kimmouth, MP 02708"
293,Wood PLC,"160 Diana Landing Apt. 481
South Jennifer, MP 84074"
294,Strickland LLC,"3325 Miller Cape
South Jerry, NH 70473"
295,"Morton, Hester and Johnson","22772 Cooper Canyon Suite 090
North Julie, AZ 54174"
296,Howard-Jones,"451 Jennifer Lodge
New Rachelland, WV 72304"
297,Young and Sons,"4384 Stark Mountains Suite 139
Kristineshire, NJ 34657"
298,Koch-Levy,"975 Adkins River Suite 983
Jamieside, KS 57308"
299,Gross-Bailey,"251 Brandi Forest
West John, MH 13483"
300,Mays PLC,"00609 Andrews Inlet Apt. 228
West Robert, MI 69372"
301,"Poole, Trujillo and Byrd","6354 May Forge Apt. 140
East Josephburgh, WI 50267"
302,Downs-Fletcher,"24302 Murray Street
Perezmouth, NE 92255"
303,Rangel and Sons,"90614 Cannon Ferry
Port Raymondview, WV 57246"
304,Lamb Inc,"4224 Bennett Coves
Samanthamouth, VI 46500"
305,Trevino LLC,"9505 Henderson Centers Suite 156
Carolport, IL 70222"
306,Hodge-Green,"701 Donna Vista Apt. 237
Mariamouth, UT 57801"
307,"Mueller, Curtis and Carpenter","66828 Watkins Squares
New Heather, WA 05843"
308,"Murillo, Martinez and Farrell","818 James Points
Port Kenneth, RI 14783"
309,Watson-Wilson,"PSC 3947, Box 4787
APO AA 90609"
310,"Martin, Irwin and Anderson","2007 Wood Radial Suite 198
Erikafort, NE 85540"
311,Rogers-Davis,"42092 Kennedy Prairie
East Jeremyshire, NE 73266"
312,Carr LLC,"PSC 0586, Box 0611
APO AA 80175"
313,Thomas-Gonzalez,"64169 Chase Shores
Lake Derrickbury, WI 58687"
314,Anderson LLC,"PSC 6971, Box 5056
APO AE 99287"
315,Clark-Floyd,"34807 Christopher Lights Suite 105
West Garyland, MH 89064"
316,"Payne, Kane and Jackson","0914 Katie Manors Suite 227
South Monica, NE 07604"
317,Carey-Brewer,"71541 Jordan Extension
Courtneystad, ND 65401"
318,Soto LLC,"451 Kelly Lock
Aliciaside, VT 60903"
319,Ramos Inc,"78268 Smith Vista
Hughestown, AL 15692"
320,"Black, Robinson and Chen","2624 Jason Common Suite 843
Coxtown, WV 34127"
321,"Fisher, Moore and Moore","231 Benjamin Mill Apt. 236
New Laurie, CA 64731"
322,Allen-Willis,"66469 Taylor Meadows Suite 427
North Francisco, AR 64163"
323,Bradley-Cruz,"8815 Jennifer Wells
Port Timothy, AL 65420"
324,"Murphy, Sanders and Baldwin","522 Theresa Parks Apt. 387
Davisbury, ID 10825"
325,Jones and Sons,"265 Gallegos Meadow Suite 512
Lake Benjamin, AL 46600"
326,Blake-Wilson,"78258 Debra Island
Davidville, LA 60793"
327,Petersen LLC,"524 Janice Plains Suite 146
New Jeremiahview, RI 08070"
328,Wise Group,"USNV Jackson
FPO AP 20682"
329,"Gates, Johnson and Tran","426 Molly Plains Suite 607
East Tina, MH 86947"
330,Simpson-Kirby,"Unit 3215 Box 4038
DPO AP 16234"
331,"Cooley, Dawson and Hall","70930 Allen Fields
New Dillonside, MI 34891"
332,Barnes and Sons,"51629 Smith Crest
New Mary, TX 61879"
333,Durham LLC,"0856 Chapman Ridges Suite 736
New Timothyfort, NH 65689"
334,"Smith, Blankenship and Smith","58644 Natasha Park
North Maryborough, AL 53420"
335,Taylor-Long,"267 Eileen Estate
Smithview, AZ 09885"
336,Brown-Jackson,"53278 Kelly Island
Juarezbury, OH 90829"
337,"Barnes, Johnson and Anderson","7528 Gonzalez Shores
Owenberg, IN 09415"
338,"Orozco, Collins and Mejia","009 Danielle Valley Suite 359
Kaneville, VT 34218"
339,Green and Sons,"305 Wheeler Crescent
South Williamland, KY 85462"
340,Davidson LLC,"744 Smith Summit Apt. 987
Cunninghambury, OK 55248"
341,"Jones, Fisher and Gaines","592 Moore Port
Weberburgh, RI 41354"
342,White-Bradford,"USCGC Mathis
FPO AP 29432"
343,Morris-Saunders,"615 Hailey Bridge Apt. 015
East Matthewborough, OR 23841"
344,Walker-Flores,"521 Heather Ports
Laurahaven, LA 75835"
345,Maynard Inc,"61018 Lewis Club Apt. 116
South Juan, AK 82304"
346,Miller Inc,"0373 Elizabeth Ways Apt. 388
West Jessica, NV 01031"
347,Larson Group,"455 Christian River
Floresfort, MO 08511"
348,Clark PLC,"PSC 6620, Box 4601
APO AE 23411"
349,Brown PLC,"2430 Nicole Hill
South Thomasshire, AK 90621"
350,"Duran, Cook and Stephens","66913 Riley Run Apt. 979
Matthewton, WA 19431"
351,Heath-Park,"18619 Maldonado Ridge
Williamfurt, NV 76891"
352,Valentine-Flores,"88646 Burch Mall
New Deborahport, WI 74665"
353,"Beasley, Brown and Norris","151 Simon Course
East Michaelstad, MI 27942"
354,Rhodes-Melendez,"641 Alexandra Club Suite 130
New Elizabeth, KY 00558"
355,Miller and Sons,"494 Lewis Port
South Andrewhaven, SC 74965"
356,Schneider PLC,"699 Armstrong Ville
West Nicole, FL 26741"
357,Gomez PLC,"Unit 8871 Box 3930
DPO AP 85035"
358,"Trujillo, Richardson and Soto","5403 Blair Pike Apt. 501
Chanstad, SD 73661"
359,Carroll-Ramsey,"PSC 7571, Box 8518
APO AE 63427"
360,Turner Ltd,"6299 Butler Summit Suite 658
East Bradleyfurt, FM 80224"
361,Zimmerman PLC,"4367 Lewis Curve Suite 759
Irwinberg, TN 74054"
362,"Miles, Ellis and Watson","PSC 9465, Box 1350
APO AA 25933"
363,"Alvarez, Abbott and Perez","0039 Perkins Cape
New Shawnhaven, OH 47863"
364,Faulkner-Thomas,"5356 Christina Fords
Johnton, VI 87814"
365,"Leblanc, West and Taylor","2385 Austin Wall
Bryantville, MH 48362"
366,Andrade-Brock,"458 Margaret Point Suite 640
East Laura, IN 99720"
367,"Thomas, Garcia and Grant","63525 David Parkway Apt. 557
Tranfurt, ME 67549"
368,Gonzales-Salazar,"50798 Brian Stream
Gillespiebury, MA 95124"
369,Benton-Chan,"USS Greene
FPO AE 97900"
370,Dunn-Sweeney,"USNS Hanson
FPO AE 72314"
371,Perkins-Watkins,"988 Dana Estate
Samanthatown, ME 71623"
372,Smith Group,"67024 Lewis Station Apt. 900
Lawrencemouth, MT 51568"
373,Booker LLC,"618 Ronald Wells Suite 813
Bakerburgh, TX 52169"
374,Wilkinson PLC,"209 Carter Loop
Jesusfort, NY 82571"
375,"Smith, Moore and Logan","47201 Lori Rue
Port Melissaland, DE 10008"
376,Martinez PLC,"69385 Maria Lake
Taylortown, IN 33213"
377,Cooper-Leonard,"656 Jonathan Vista Suite 459
Jacksonberg, PA 06874"
378,"Carrillo, Bowen and Wheeler","75759 Amber Rapid
Deniseland, FL 35127"
379,Goodman Group,"576 Lopez Fork Suite 916
Markfort, NJ 09192"
380,Campbell Inc,"1707 Smith Circle
Port Timothy, OH 67173"
381,Murphy LLC,"724 Christopher Ways
Port Philipbury, GA 92362"
382,Dennis Group,"55982 Pamela Villages Apt. 136
Gregorymouth, NJ 85840"
383,Moore-Brooks,"18159 Barbara Underpass Apt. 496
Anthonyshire, KY 51041"
384,Nguyen-Hill,"62408 Diane Locks
West Johnathan, IL 76675"
385,Avila Group,"15098 Jones Station Apt. 241
West Tyler, AS 24108"
386,"Haley, Moore and Anderson","9221 Summers Groves
Rebeccafurt, MP 02007"
387,Oliver Group,"6172 Wood Summit
Robertsonchester, KY 05045"
388,Taylor Group,"588 Carter Causeway Suite 985
Port Haydentown, NV 11645"
389,Warner Inc,"4056 Ramirez Center
East Jessicafort, HI 83272"
390,"Alvarez, Jones and Jackson","03781 Hartman Via Apt. 021
Robertborough, AS 48083"
391,Zimmerman Inc,"4381 Davis Point Apt. 414
Lake Olivia, PW 04566"
392,Williams-Nelson,"PSC 7436, Box 4831
APO AA 23099"
393,Walsh-Martinez,"680 Calderon Manor Apt. 813
Howetown, AL 18684"
394,"Thomas, Brown and Ford","09787 Ferguson Rapid
Gregoryshire, OK 63917"
395,"Koch, Watson and Valencia","PSC 8662, Box 8848
APO AA 83588"
396,"Washington, Cross and Sparks","2936 Rosario Grove
Lake Kyle, MI 88747"
397,Jones-Mcneil,"9227 Anthony Pass Suite 331
Paceview, WA 15384"
398,Palmer PLC,"91254 Griffith Points
Calhounfurt, TN 95719"
399,"Anderson, Fernandez and Harmon","83229 Gordon Cliffs Apt. 081
Lake Vincentview, MA 79049"
400,Velasquez-Velazquez,"150 Tyler Plains
Jeremyshire, VI 88707"
401,Gay-Warner,"289 Pamela Mall Apt. 533
Lake Kim, MO 95131"
402,Carter-Frye,"11235 Christensen Pine
South Rubenport, NJ 26001"
403,Davidson PLC,"55517 Ernest Junction
Jacksonport, RI 89295"
404,Jimenez-Reyes,"59145 Williams Vista
North Donna, NM 61304"
405,"Cabrera, Key and Ross","419 Nash Points
Kellyborough, MH 57974"
406,Price Inc,"PSC 8434, Box 8767
APO AP 07393"
407,Weber-Sanchez,"694 Andrea Neck
Deniseton, CA 60027"
408,"Pollard, Hayes and Russell","29943 Brown View Apt. 431
Kevinview, AZ 87557"
409,"Riddle, Ruiz and Figueroa","711 Keith Extensions Suite 187
Lake Patricia, NJ 06870"
410,Brewer PLC,"26471 Ronald Keys Suite 614
New Waynestad, VA 60011"
411,Johnson Inc,"6873 Perez Stream Apt. 757
Gregoryhaven, MT 50925"
412,"Adams, Gardner and Trujillo","924 Nicholas Springs Apt. 543
Benjaminmouth, MN 76095"
413,Baldwin PLC,"94745 Christopher Gardens Apt. 149
West Lucas, AK 10057"
414,Bauer LLC,"39465 Sexton Ridge Suite 699
Fowlerbury, MH 54577"
415,Morris PLC,"Unit 6393 Box 3396
DPO AE 98674"
416,Walsh Ltd,"68614 Laura Gardens
Thomasborough, LA 43819"
417,Carpenter-Morales,"PSC 1017, Box 8750
APO AA 09249"
418,Blanchard-Fisher,"07340 Anthony Groves Suite 572
Scottfort, HI 12285"
419,Cook Group,"Unit 4721 Box 8324
DPO AA 71157"
420,Johnson Group,"969 Ashley Run
Carpentermouth, WI 33546"
421,Pollard PLC,"61907 Melinda Walk Suite 392
North James, HI 99374"
422,Lewis Group,"USNS Valencia
FPO AE 70279"
423,Maxwell Inc,"Unit 8599 Box 1891
DPO AA 63217"
424,"Wilson, Valdez and Scott","USNS Ramirez
FPO AA 07903"
425,Macias and Sons,"2527 Bradley Way Apt. 804
Lake Amanda, DC 78831"
426,Parker-Jones,"600 James Landing
New Joshuabury, NC 10564"
427,Owens-Duncan,"489 Colton Terrace
Christopherchester, ID 17708"
428,"Cooper, Bowen and Pham","009 Kurt Station
Theodoreborough, RI 45005"
429,Kennedy-Ortega,"26730 Jennifer Villages
Lake Patrickberg, AZ 10558"
430,Kaufman Ltd,"4079 Martin Trace Suite 477
West Ashley, ME 43081"
431,Acosta-Chang,"3805 Jones Summit Suite 753
Dixonstad, RI 59816"
432,Ochoa and Sons,"157 Fry Route
South Samantha, NE 35807"
433,Guzman-Snyder,"Unit 6479 Box 6572
DPO AP 70196"
434,"Cochran, Miller and Gonzalez","956 Ross Rapids Suite 245
North Jeffrey, CT 25806"
435,"Guerra, Rogers and White","65510 Scott Ports Apt. 404
Adamsshire, TN 76816"
436,Dunn PLC,"07243 Leonard Greens Apt. 641
Sullivanview, GA 61661"
437,Bartlett LLC,"1186 Miguel Drives
North Dustin, WI 57313"
438,Ramirez-Levy,"12854 Cline View
Brooksshire, AS 64627"
439,"Adams, Lewis and Malone","10750 Michael Station
Josephfort, MS 67425"
440,Newton Group,"5949 Olivia Spring Apt. 669
Youngfurt, CO 15608"
441,"Cohen, Sweeney and Manning","69839 Martinez Dale Apt. 068
Charlesborough, MT 25823"
442,Cannon Ltd,"173 Robyn Street Suite 597
East Leroy, GU 15193"
443,Johnson Group,"08436 Williams Isle
East Daniel, AZ 18972"
444,"Parsons, Perez and Smith","9472 Moore Islands
Andrewport, SC 08417"
445,"Price, Villanueva and Davis","2455 Deleon Locks
North Alyssa, VI 37938"
446,"Vasquez, Salas and Thomas","USS Jones
FPO AA 81213"
447,Martin-Wise,"8683 Olson Dale Apt. 412
Port Leslieborough, UT 48060"
448,Moreno PLC,"6445 Brady Course
New Ashleymouth, GA 46589"
449,Fisher Inc,"USNS Pena
FPO AA 15924"
450,Francis-Gallegos,"52823 Allen Drives
Stevenbury, WV 59527"
451,Thomas-Massey,"Unit 4148 Box 8018
DPO AA 21309"
452,Donovan and Sons,"4925 Guerrero Roads
Jennifershire, ME 90744"
453,Scott-Richard,"8099 Barrett Extension Apt. 509
Victorialand, FM 06596"
454,"Martin, Duran and Hawkins","1045 Garcia Union
Deannaborough, OH 62421"
455,Gomez LLC,"USCGC Anderson
FPO AP 85218"
456,"Aguirre, Roy and Roy","77477 Alan Motorway Suite 837
Lake Stacyside, MA 22796"
457,Casey-Oneill,"68329 Martinez Drives Suite 529
Masseyville, GA 15523"
458,Diaz-Cooke,"1373 Dylan Mountain
North Jenniferview, LA 60088"
459,Garza Inc,"5005 Ramos Groves Apt. 331
Hallfurt, KS 88525"
460,Bradley-Jones,"14648 Daniel Ridge
Michelleview, NV 87109"
461,Guzman-Flores,"2715 Anderson Mountains
Kelseyville, HI 47654"
462,Mccarty-Lambert,"PSC 6098, Box 7574
APO AE 41938"
463,"Gilbert, Brown and Barnett","5675 Brown Extensions
East Rachelville, MT 28841"
464,Cox Group,"7636 Hamilton Ford
Lake Crystalfurt, NY 08499"
465,Proctor and Sons,"44045 Mcintyre Fields Suite 639
West Pamela, DE 22548"
466,"Adams, Underwood and May","363 David Roads
Harveytown, OR 23353"
467,"Walker, Clark and Alvarado","81641 Jennifer Radial Suite 396
Goodwinmouth, WY 78704"
468,Franklin Group,"5053 Stone Mountains Apt. 325
Heatherfurt, MH 41221"
469,"Moore, Gordon and Bradley","12318 Franklin Mountain Suite 864
Acostashire, IN 04690"
470,Williams-Lopez,"PSC 9690, Box 2615
APO AA 48237"
471,Sawyer-Lewis,"USNV Fischer
FPO AA 30734"
472,Phillips-Cooper,"648 Lisa Plains
Burtonborough, MD 68589"
473,"Boyd, Lopez and Lewis","59904 Jeffrey Streets Suite 391
Wendyborough, AZ 37212"
474,Tran-Barber,"46033 Ryan Terrace Apt. 156
Meltonbury, PW 46553"
475,Alvarez-Miller,"0086 Pamela Station Apt. 472
Lake Rayland, MD 66425"
476,Waters LLC,"235 Alicia Dam Apt. 917
East Dawnfurt, AK 23730"
477,"Phillips, Sanford and Sanchez","Unit 4067 Box 9243
DPO AE 69658"
478,Clarke Group,"039 Sarah Road Suite 070
South Christina, HI 80036"
479,Rivera-Calhoun,"067 Brian Creek
Lake Charlotte, UT 69676"
480,Freeman and Sons,"78492 Grace Alley
Riverafurt, LA 71389"
481,"Wheeler, Knox and Clark","614 Stephen Key Suite 760
Bellhaven, MT 06002"
482,Williams-Hall,"279 Anthony Turnpike Apt. 325
New Clinton, MD 98640"
483,Hernandez-Wall,"02388 Brian Shore
Dianaport, ME 75655"
484,Williams-Greene,"933 Jackson Greens Apt. 298
Hammondberg, GU 93594"
485,Miles-Bishop,"897 Pearson Grove
Lake Aaron, VT 70216"
486,Boyd Inc,"98679 Luna Park Apt. 684
Port Carolside, AK 70028"
487,"Russell, Alexander and Douglas","37145 Thomas Well
Careystad, VA 32518"
488,Boyle and Sons,"76718 Amanda Roads
East Ryan, GU 06924"
489,Phelps-Griffith,"32324 Phillip Village Apt. 869
Gabrielfort, AK 79141"
490,Washington Group,"046 Bell Avenue Suite 186
Robertsstad, PA 01164"
491,Contreras-Carrillo,"23838 Cabrera Islands Suite 039
Port Jacobstad, PA 94727"
492,Hayes Inc,"461 John Points
Anthonyberg, UT 95508"
493,"Greene, Rowe and Blackburn","5726 Johnson Street
South Kyle, NV 53799"
494,Hodge-Peterson,"8495 Ramirez Stravenue
Taylorfurt, WA 25843"
495,Hanson and Sons,"3731 Darlene Valleys
North James, VI 28304"
496,Watts-Nelson,"847 Smith Orchard Apt. 535
East Miastad, ME 65354"
497,Watts Ltd,"9973 Davenport River Suite 216
South Katelynhaven, ME 62595"
498,Cole-Bond,"782 Paul Squares Apt. 332
New Evanberg, AL 91096"
499,Hall and Sons,"104 Roberto Fords
Jacobfort, FL 90532"
500,Brock-Phillips,"090 Diane Coves Apt. 496
Mossmouth, CT 72091"
501,Wallace LLC,"1043 Colleen Trafficway
Marshallmouth, VA 75359"
502,Perez-Wheeler,"Unit 6919 Box 4131
DPO AE 82473"
503,Green Ltd,"778 Deanna Ports
Berryburgh, VI 85423"
504,Bailey-Bryan,"765 Robert Estate
Briantown, PW 23338"
505,Sanders-Taylor,"PSC 1756, Box 0129
APO AE 07841"
506,Ortega-Carroll,"52317 Rodriguez Dale
Nicolaston, NY 19001"
507,Monroe-Miller,"60314 Gaines Fields
Mikebury, MP 34814"
508,Hunter Group,"231 King Isle Suite 112
Sandramouth, VA 03315"
509,Snow-Fernandez,"4909 Nelson Flats
Millerview, TN 76456"
510,Hughes Inc,"945 Daniel Harbor Apt. 945
Port Brittany, NM 87774"
511,"Williams, Evans and Small","8629 Garcia Overpass Suite 699
Desireeberg, NC 05857"
512,"Collier, Parker and Nguyen","89240 Rosario Wall
Shannonburgh, IN 94812"
513,Moreno Group,"90354 Laura Stravenue Suite 359
Allenburgh, IA 72540"
514,Summers PLC,"54145 Rose Common
Tylerfort, RI 77203"
515,"Ford, Boyer and Morales","PSC 7620, Box 3661
APO AE 10819"
516,"Hernandez, Bradshaw and Gentry","55846 Ethan Forge
Loganview, VI 84278"
517,Ross Group,"64096 Rita Road Apt. 029
East Lindashire, PW 20071"
518,Smith-Mcbride,"9842 Garrett Run
Lake Lisa, KY 25543"
519,"Howe, Serrano and Gonzales","8921 Price Gateway
Mitchellberg, ID 13962"
520,Davis Inc,"8868 Michael Unions Apt. 897
New Mark, NH 30000"
521,Lang-Gonzalez,"4865 Ingram Highway Apt. 375
Patrickborough, MH 42581"
522,Smith and Sons,"52837 Travis Ramp Suite 784
Port Johnberg, RI 89504"
523,Hubbard-Mason,"USS Richardson
FPO AE 02354"
524,Scott-Acosta,"Unit 5519 Box 5150
DPO AE 87492"
525,Miller PLC,"666 Travis Manor
Brittanyland, HI 26494"
526,Frey-Vasquez,"USNS Johnston
FPO AA 27349"
527,Payne-Rich,"956 Gomez Garden Apt. 670
North Brianfort, NJ 26934"
528,Williams-Brennan,"049 Candace Forges Apt. 734
Michaelview, AK 38159"
529,Huerta Inc,"PSC 6560, Box 0973
APO AP 57391"
530,Smith-Hale,"11556 Frances Valley
Edgarville, SD 47014"
531,Brooks Inc,"82765 Justin Coves Apt. 119
Singhfort, VI 43698"
532,Walters-Collins,"33835 William Ports
Reginatown, RI 63582"
533,King and Sons,"7395 Susan Ways Apt. 577
East Danielshire, CA 19707"
534,Lee-Long,"144 Gray Estates Apt. 328
North Heatherberg, SC 30976"
535,Scott PLC,"93522 Sarah Plains Suite 205
Port Timothy, MD 80218"
536,Burgess-Suarez,"2574 Butler Wall Apt. 220
New Geraldfurt, AK 92618"
537,"Castillo, Short and Miller","715 Jacqueline Crossing
North Jennifer, WI 89611"
538,"Burns, Mitchell and Le","732 Bennett Plain
Andersonview, MO 25686"
539,Young Group,"3898 April Pike
Riosburgh, ME 26134"
540,"Mcclain, Miller and Mckenzie","261 Burnett Summit
Robinmouth, ND 39953"
541,"Williams, Turner and Garcia","45173 Melissa Crest
North Joycefort, FM 57239"
542,"Lewis, Ford and Norman","304 Laura Street
Angelaburgh, SC 86736"
543,Waters-Hernandez,"69029 Lisa River Apt. 141
Duffyshire, AZ 44358"
544,"Vaughan, James and Carter","8073 Russell Ford
Port Claireview, IL 99569"
545,Wilkerson PLC,"4010 Jonathan Freeway
Robertsonfurt, MP 21641"
546,Jones-Weaver,"9313 Bryan Forks Apt. 637
Port Ericshire, MD 97399"
547,Jackson-Brady,"993 Justin Square Apt. 483
Port Tara, OR 85809"
548,Jackson-Booker,"27337 Heather Lock Apt. 595
Barbarastad, MA 36762"
549,"Rodriguez, Wolf and Hall","1273 Jacqueline Motorway
New Charlesberg, PA 65067"
550,"Sanders, Lambert and Schneider","85078 Cynthia Wall
North Nathanborough, AS 41399"
551,Lewis LLC,"76931 Giles Course
West Madison, MO 61440"
552,Williams-Smith,"2872 Joe Squares
East Megan, MO 02102"
553,Sullivan-Campbell,"848 Mary Pine Apt. 799
West Brittany, KS 07077"
554,Barnett and Sons,"186 Chad Crossroad Suite 440
South Jamesborough, FM 25539"
555,Marsh-Jennings,"2598 Lindsay Wells
Harperview, VI 11420"
556,Phillips-Cortez,"380 Nguyen Island
Johnsonland, AR 22466"
557,"Davis, Washington and Lopez","71804 Garcia Inlet
New Marytown, MI 06237"
558,Burns Ltd,"016 Villarreal Trail
Davidhaven, TX 09306"
559,Booker and Sons,"31915 Stevens Garden
Roseville, ND 68580"
560,Farmer Group,"69356 Simpson Glen Apt. 382
Morenoside, VT 65137"
561,Harris Inc,"892 Hernandez Ridges
North Samanthaport, KS 59941"
562,Hanson-Powell,"USCGC Combs
FPO AE 05449"
563,Castillo-Lee,"6165 Matthew Glens
Lake Mckenzie, IA 51994"
564,Schmidt Ltd,"033 Harris Crest Suite 520
New Melissaland, CO 94287"
565,Sparks-Solis,"66446 Chapman Turnpike Suite 100
South Jonathonfurt, KS 42133"
566,Nolan PLC,"26303 Martin Roads Suite 181
Brendaland, AL 16853"
567,"Lewis, Bright and Ellis","88525 Suzanne Lights
Reyeschester, MD 52378"
568,Hughes-Washington,"22770 Fred Mountain
Haleburgh, MA 52919"
569,Mcclain-Rivera,"4331 Gonzalez Bridge Apt. 007
Margaretland, ID 25047"
570,"Tyler, Gutierrez and Arnold","32094 Duncan Extension
New Laura, UT 07235"
571,Wilson and Sons,"97868 Roberson Plaza
West Amberport, NV 57643"
572,Moore and Sons,"71961 Scott Land Apt. 569
Michaelhaven, IA 35941"
573,Richard-Anderson,"USNS Houston
FPO AE 29619"
574,"Merritt, Phillips and Thompson","1667 Sarah Gateway Apt. 263
Lewisfort, VT 56573"
575,Clark and Sons,"0917 Stephanie Place
Burnsfort, GA 69201"
576,Valdez Inc,"412 Jessica Mountain Suite 295
Lake Karenville, AS 96844"
577,"Wilson, Cortez and Castro","1269 Wilson Drive
Warnerbury, MA 42255"
578,Carr-Ward,"97067 Gray Mount
West Patriciaborough, FL 00859"
579,Payne Group,"8454 Rodney Roads Apt. 943
New Monica, CO 69243"
580,Skinner-Morris,"5507 Douglas Curve Apt. 905
Andersonburgh, KY 89328"
581,"Pollard, Hopkins and Marquez","79407 George Pike Apt. 752
Cynthiaview, AK 37112"
582,Lopez-Lara,"406 Roberts Isle
Justinview, VT 64183"
583,Estrada and Sons,"03097 Bennett Walks
Lake Danielbury, OR 91165"
584,"Lewis, Nelson and Morrison","625 Lutz Lake Suite 266
North James, IN 63031"
585,Rodgers-Davidson,"3873 Grace Junction
Sandraside, MH 33390"
586,Taylor Inc,"918 Vargas Turnpike
Lake Phillip, NV 13216"
587,Cook and Sons,"89695 Barnes Prairie Apt. 075
Tylerbury, ID 94464"
588,Ward-Aguilar,"12854 Luis Club Apt. 585
East Janicechester, MD 76724"
589,Washington Inc,"133 Adrian Bypass Suite 569
Beckside, DE 75292"
590,"Lewis, Norman and Williams","53265 Cruz Oval Suite 713
New Christopher, WA 06103"
591,Perkins-Rodriguez,"21189 Bryan Spring
Port Tina, KY 50017"
592,Stone-Hernandez,"024 Moore Unions Suite 042
Johnfurt, IL 43752"
593,Ward-Romero,"099 White Place
Bobbymouth, NY 71880"
594,Allen-Moore,"408 Solomon Cape Suite 694
South Paulafurt, PR 92104"
595,Nguyen LLC,"4803 Lewis Overpass Suite 096
Port David, FM 65423"
596,Simpson Inc,"780 Patton Common Suite 763
Alexanderborough, PA 01967"
597,"Hall, May and Ross","63571 Maddox Ports Apt. 639
Port Isaac, CO 67484"
598,Freeman Ltd,"141 David Knolls Apt. 639
Josephland, OH 80231"
599,Schwartz-Jackson,"40312 Erin Centers Suite 806
East Carla, GU 19648"
600,Mcdonald Ltd,"711 Michael Course Apt. 468
Andreaview, NY 53350"
601,Howard-Johnson,"69499 John Square
Amberstad, ME 87499"
602,Yang Ltd,"4117 Lewis Summit
East Annaborough, AR 16630"
603,Wilson and Sons,"43551 Anna Glens
Danastad, AK 07704"
604,Barron LLC,"407 Amanda Brooks
New Robertview, NJ 78087"
605,Scott Ltd,"94385 Wilkins Highway
Calderonborough, GU 34626"
606,Butler LLC,"7047 Tony Place Suite 145
Millsberg, NM 16800"
607,Moore-Hanna,"84360 Justin Dam
Jeremiahstad, AS 84629"
608,Williamson-Hamilton,"61920 David Ville Apt. 753
West Kathrynhaven, TX 71514"
609,"Williams, Stuart and Giles","796 Shaw Gateway Suite 513
North Howard, MT 54616"
610,"Fletcher, Soto and Ortiz","878 Jones Ways
East Kimberlyberg, MN 43176"
611,"Schneider, Rangel and Wells","28773 Gonzalez Brook Apt. 997
Port Shane, NM 34637"
612,Dixon-Nelson,"5845 Erik Springs
Mackenzieborough, KS 82407"
613,Smith-Mcconnell,"087 John Parkway Apt. 887
New Christopher, MD 50907"
614,"Cantu, Haas and Tucker","8432 Clark Ridge
Garyburgh, PW 79840"
615,"Campbell, Morton and Kennedy","6165 Daniel Locks Apt. 543
Lake Robert, TN 18812"
616,Villa Ltd,"78972 Bennett Trail Suite 941
Andrewborough, MI 08715"
617,"Cunningham, Montoya and Welch","081 Horton Motorway Apt. 047
Draketown, FM 60010"
618,"Hartman, Espinoza and Fletcher","4910 Christy Wall Suite 189
East Angelastad, DC 70616"
619,Watson-Reed,"578 Christina Points Apt. 958
West Angie, NJ 28846"
620,"White, Cook and Wright","6167 Spencer Fall
Kathybury, GA 93868"
621,Cervantes-Armstrong,"PSC 7281, Box 2100
APO AP 74126"
622,Rasmussen-Terry,"76479 Watson Cape
New Jodi, VI 17538"
623,Austin PLC,"7668 Alexis Neck
Andersonbury, FM 23248"
624,Barber and Sons,"PSC 2250, Box 0145
APO AA 85678"
625,"Reed, Smith and Martinez","5131 Bender Forest Suite 107
Millerton, OH 02598"
626,Jones-Martin,"43284 Michael Orchard
South Laceyland, NC 79692"
627,Gonzales-Elliott,"8914 Jasmine Walks Apt. 395
Greeneberg, PR 49614"
628,Acosta-Perry,"PSC 1548, Box 0633
APO AE 82609"
629,Matthews LLC,"Unit 2445 Box 4240
DPO AA 58495"
630,"Salazar, Barnes and Gonzalez","42444 Victor Pine Apt. 206
East Sheriberg, DC 33898"
631,"Pearson, Haley and Williams","883 Jason Burg
Garciashire, MS 86519"
632,"King, Jones and Harris","Unit 6014 Box 6717
DPO AE 72185"
633,Johnston Group,"PSC 5309, Box 1129
APO AA 36672"
634,Blankenship Group,"4464 Hull Oval
Adamsberg, MI 02699"
635,"King, Smith and Peters","982 Rebecca Locks
North Davidborough, AR 32840"
636,"Wall, Moon and Allen","341 Johnson Walk
West Cynthiashire, AK 73199"
637,"Burnett, King and Henson","64822 Aguirre Mills
New Christina, MP 58853"
638,Phelps Ltd,"934 Kevin Road
East Destiny, IL 03096"
639,"Russell, Anderson and Johnson","074 Webb Lodge
Christopherhaven, MH 47275"
640,"Freeman, Cox and Rose","559 Shari Ranch Apt. 625
Leahside, CO 64477"
641,"Smith, Porter and Deleon","2484 Christopher Bridge
Daniellefurt, HI 64717"
642,Porter-Wilson,"73442 Jennifer Village
North Jacobhaven, GA 28801"
643,"Lamb, Jenkins and Ward","929 Neal Mountains
Normanport, GA 39178"
644,Sanders Group,"5313 Schroeder Brooks Suite 244
North Robinview, NV 37093"
645,Mitchell Inc,"70566 Stewart Heights Suite 455
Antoniobury, SD 44308"
646,"Henry, Jennings and Moore","7298 Sheila Hollow
Port Margaretburgh, TN 51810"
647,Irwin-Francis,"48542 Alexander Locks Apt. 035
New Francesland, HI 84912"
648,"Walls, Cardenas and Gibson","1804 Maria Ranch Apt. 138
Perrymouth, KY 19351"
649,Smith LLC,"851 Daniel Terrace
Lake Matthew, CO 62401"
650,"Garcia, Hutchinson and Walker","7558 Miller Lodge Apt. 150
Haydenmouth, DE 84487"
651,Cole-Medina,"435 Maria Fall
Masonstad, WV 54610"
652,"Dickson, Keller and Carson","2445 Joseph Vista
East Laura, FM 49200"
653,Reynolds Inc,"815 Santiago Unions
New Jose, DE 56669"
654,"Orr, Sparks and Richmond","12386 Warren Mountains Suite 451
Johnton, CA 89617"
655,Thompson and Sons,"0028 Turner View Apt. 746
Markfort, NH 41005"
656,Murphy-Fuller,"215 Sheila Cape
East Erin, TN 64571"
657,Long LLC,"38205 Joshua Road
Jessefort, NV 34336"
658,Hurst Inc,"189 Gray Forks Suite 007
Ellisport, OK 08855"
659,Medina LLC,"72703 Jeffrey Lock
Rachelmouth, IL 76664"
660,"Peters, Smith and Pena","USCGC Hays
FPO AP 88784"
661,"Mccormick, Jackson and Chambers","457 Joshua Mountain Apt. 316
West Juan, VI 92300"
662,Grant and Sons,"55324 Juan Corner
Lake Jeffrey, MS 19095"
663,Mcdonald-Decker,"4377 Adrian Roads Apt. 372
Brandonshire, MN 55759"
664,Silva-Mendez,"2610 Fisher Mountains Suite 711
South Elizabeth, MH 41753"
665,Marshall and Sons,"64874 Troy Greens Apt. 631
Bryanberg, OR 73014"
666,Flores-Marshall,"377 Patrick Terrace Apt. 490
Lake Carlborough, GU 47509"
667,Campbell-Martin,"717 Jason Springs Suite 254
Hoodstad, RI 63959"
668,"Elliott, Carter and Lee","31638 Sherry Forges Suite 190
Lake Marc, OH 68725"
669,"Hess, Gibson and Smith","1615 Hill Fields Suite 009
Carriebury, OH 68899"
670,Hancock-Kelley,"4155 Mitchell Ways Suite 453
East Stevenfort, VA 67005"
671,Hernandez LLC,"863 Gary Mills Suite 425
Michaelberg, CO 65184"
672,"Anderson, May and Brown","673 Jessica Estate Suite 163
Malonefort, MS 66852"
673,Sanchez PLC,"356 Blake Mountain
New Christine, NJ 80744"
674,Carter LLC,"10709 Pierce Tunnel Suite 975
Erinville, FM 12087"
675,Smith-Li,"PSC 2449, Box 4869
APO AA 70684"
676,"Deleon, White and Andrews","62086 Montes Knoll Apt. 544
West Taraview, CO 40402"
677,Brown PLC,"PSC 8309, Box 1624
APO AP 82951"
678,Miller-Frye,"297 Smith Union
Pachecoport, OK 88825"
679,Smith Ltd,"251 Evans Plaza
East Leah, NH 41542"
680,"Thomas, Cole and Davis","3226 Rebecca Trace Apt. 641
Michelebury, PR 28424"
681,Horn LLC,"7977 Hardin Trafficway
East Lisa, AS 61894"
682,Marks-Gray,"061 Johnson Curve Apt. 327
West Codyberg, RI 71185"
683,"Reyes, Trevino and Hoffman","PSC 8554, Box 2973
APO AP 27110"
684,Johnson-Martinez,"USNV Gonzalez
FPO AE 60272"
685,"Harrington, Grant and Patterson","450 Angela Ramp
Victorialand, SC 44230"
686,"Beltran, Smith and Ramirez","529 Mercado Forest Apt. 089
Erinhaven, FL 11156"
687,Brown-Cook,"199 Davis Creek
Lake Jasminfurt, NY 41753"
688,Nguyen-Haley,"4664 Powers Point Suite 747
Port Courtney, MD 47122"
689,"Clayton, Buckley and George","51449 Madeline Cove
East Richardmouth, NE 03820"
690,Garrett Ltd,"7456 Howard Road Apt. 201
East Ericshire, AL 93907"
691,"Jacobs, Hines and Scott","2865 Gallagher Rue
South Jose, MO 74967"
692,Mason Inc,"997 Anthony Terrace Apt. 332
Lake Thomas, CT 99058"
693,Dillon-Walker,"13782 Katherine Lights
New Moniquebury, KS 44060"
694,Davis Group,"0516 Christopher Brook Suite 523
Yatesville, GU 15231"
695,Mccarty Ltd,"1795 Chandler Islands
Veronicaton, MT 86341"
696,Benson LLC,"690 Kevin Row Suite 555
Lake Timothystad, OK 15122"
697,Woodard-Torres,"17936 Perez Road Suite 156
Craigtown, PA 77498"
698,Orozco PLC,"460 Kelsey Dam Apt. 522
Lake Jefferyport, GU 02877"
699,Gallegos Group,"837 Henry Junctions Apt. 950
Jenningsville, VT 68972"
700,Mejia LLC,"USS Powers
FPO AE 12386"
701,"Luna, Parker and Reese","PSC 8214, Box 1090
APO AP 93055"
702,"Ford, Wolfe and Sandoval","791 Cooper Grove Suite 625
Brayton, WV 77452"
703,Farmer-Fowler,"31420 Laura Brook
Smithland, MA 37641"
704,"Hodges, Harper and Robinson","55744 Conley Forest Suite 529
Williamville, CT 06397"
705,Medina Inc,"098 Green Estates Suite 741
New Peterberg, MN 06005"
706,"Simmons, Reeves and Beck","PSC 2472, Box 8204
APO AE 26052"
707,Ross-Simpson,"3579 Sierra Place Suite 313
Gregorybury, NC 44684"
708,Welch Ltd,"4910 Charles Groves Apt. 832
South Mark, NE 25279"
709,Branch Group,"35083 Ramirez Burgs
Danielleshire, MO 28564"
710,Cook-Martinez,"454 Chavez Ridges
South Joseside, WV 49734"
711,"Avery, Peterson and Brown","710 Herring Burgs
Allenton, CT 45811"
712,Cook Inc,"1475 Brian Mountains
Meghantown, AL 96615"
713,"Thomas, Cole and Guerra","6067 Karen Wall Suite 950
North Douglasburgh, UT 74595"
714,Jones PLC,"77767 Jennifer Trace Suite 479
Dennisshire, VA 50938"
715,Moore Ltd,"606 Harper Ways
Krystalborough, DE 54469"
716,Harris-Wise,"93556 Michael Rest
Austinside, NH 54511"
717,"Brown, Reeves and Holland","9038 Hill Oval Apt. 793
Hallport, NY 72772"
718,"Armstrong, Palmer and Moore","7862 Nathaniel Garden
West Kelly, PR 47121"
719,Richards Group,"07150 Fletcher Mountain Suite 490
Port Jamesstad, IN 04166"
720,Jones Inc,"789 Walker Springs Suite 056
Christineborough, MP 05446"
721,"Mueller, Valencia and Davidson","73246 Lewis Trace Suite 025
Michelleberg, AR 64880"
722,Kelly-Martinez,"40172 John Street Suite 908
Hubbardburgh, SC 23568"
723,"Spears, Barron and Watts","96737 Pamela Meadow
Mollyton, NV 13071"
724,Vega-Soto,"302 Andre Court Apt. 106
Port Kathryn, NJ 41651"
725,"Strickland, Smith and Phillips","800 Linda Harbor
Meganville, WV 38693"
726,Garcia-Mcconnell,"5461 Joanne Hollow Apt. 758
Arianamouth, TX 63054"
727,"Foster, Ortiz and Cummings","710 Ryan Ford Apt. 537
Hendersonview, UT 10897"
728,"Moore, Hernandez and Oneill","608 Richardson Harbor Suite 613
Howardport, CT 46077"
729,Lewis-Stevenson,"853 Stephanie Rue Apt. 244
Kleinview, NH 22274"
730,"Ellison, Chang and Smith","03246 Taylor Fort
Port Virginiafurt, AL 15142"
731,Sanchez Ltd,"8672 Anna Pine Apt. 547
Penaland, NV 62671"
732,Pierce Inc,"8988 Simon Green Apt. 013
Mendozashire, MD 51208"
733,"Jacobs, Rivera and Brown","733 Bennett Springs Suite 886
Meyerside, PW 70006"
734,Phillips Ltd,"7636 Lisa Islands Apt. 311
East Ricardo, ND 13456"
735,Sharp-Sherman,"67081 Paul Common Suite 804
South Thomas, FL 91050"
736,Fernandez Group,"3697 Smith Coves
Carlsonview, MT 15779"
737,West-Johnson,"98104 Raymond Neck
Lake Johnburgh, WA 94919"
738,Gill-Swanson,"77007 Ann Valleys
Lake Mark, IA 09974"
739,Ramos-Vincent,"3848 Cooley Rest
Hicksborough, MA 99706"
740,Bryant-Robinson,"02707 Patricia Shores Apt. 018
West Davidfort, UT 07822"
741,"Gonzalez, Johnson and Guerrero","09435 Rivera Alley Apt. 267
Lake Carlos, MI 41460"
742,"Nelson, Campbell and Hughes","963 Adams Parkways Suite 883
Kington, NM 80130"
743,"Salazar, Ford and Mcclain","051 Brandon Groves Suite 436
East Williamstad, TN 54174"
744,Alvarado LLC,"4080 Stacey Ridge
Martinezchester, ME 25262"
745,Contreras Inc,"8374 Christine Squares Suite 149
Ellisberg, AK 52478"
746,Miller-Martinez,"410 Brooks Lane
West Davidbury, AZ 96412"
747,Price-Schwartz,"986 Aaron Port Apt. 568
East Alexandria, OR 79541"
748,Oneill-Johnston,"195 Vanessa Crescent Suite 795
Port Mary, AK 12176"
749,Adams and Sons,"49730 Bennett Loop Apt. 079
Blackland, NY 11195"
750,"Hopkins, Obrien and Marshall","4228 Monica Centers Suite 132
South Bryan, OK 42211"
751,"Phillips, Wiley and Carter","52657 Reed Isle Apt. 855
Staffordstad, CT 79433"
752,Martin-Williams,"3892 Carlson Hills Suite 652
Port Christinaburgh, MN 09763"
753,Garcia and Sons,"3354 Anderson Crest Suite 482
Colleenshire, MH 84906"
754,"Young, Kerr and Patrick","6291 Alex Expressway
Christopherfurt, WV 17902"
755,"Jordan, Luna and Grimes","748 Leslie Lakes Suite 025
South Keith, AL 70092"
756,"Young, Morris and Lowe","55421 James Brooks
Alisontown, PW 89888"
757,"Juarez, White and Williamson","1124 Connie Dam Apt. 204
Stevenstad, WA 45078"
758,Reyes-Sherman,"9308 Blackwell Divide
New Tylerview, PR 61610"
759,Crawford PLC,"8202 Taylor Valleys
Port Sarah, KS 80965"
760,"Fernandez, Reed and Wood","097 Gary Common
East Heidiport, VI 28710"
761,Evans and Sons,"514 Mitchell Mill
Andersonbury, DE 70833"
762,Villarreal-Johnson,"57813 Deanna Ports Suite 604
Lake Jeremyberg, MI 41479"
763,Sexton-Esparza,"1356 Snyder Light Suite 748
New Jessica, WY 90986"
764,Casey PLC,"13385 Dustin Place Apt. 115
Carterburgh, OR 05633"
765,"Rojas, Simon and Torres","8879 Teresa Forges
Graymouth, IL 45423"
766,Hunt and Sons,"2674 Turner Creek
North Sara, SD 01870"
767,Randolph Group,"87941 Roberts Burg Apt. 180
South Jacqueline, MS 44473"
768,Larsen-Reese,"Unit 2838 Box 4856
DPO AE 72962"
769,Mullen Ltd,"3802 Allen Street
North Kathrynhaven, AR 06834"
770,Williams Inc,"0585 Rebecca Streets
Melissaport, VT 76105"
771,Wall and Sons,"24766 Castro Lock
East Timothybury, DC 29040"
772,Castro-Hensley,"4262 Ruiz Pike
Smithstad, OR 90598"
773,"Ortiz, Davis and Lynn","1478 Jacob Trail Apt. 094
West Elizabeth, DE 54936"
774,"Luna, Pham and Reynolds","535 Garner Bridge Suite 340
West Robertmouth, AL 08613"
775,Soto-Smith,"85440 Elizabeth Plains
Marquezchester, MI 66692"
776,Barnett-Donovan,"24776 Ryan Plains Apt. 323
Michaelport, VI 69968"
777,Davis Inc,"PSC 7943, Box 4566
APO AE 84157"
778,"Manning, Johnson and Benson","82811 Romero Forges Apt. 194
East Williamburgh, PA 84847"
779,Edwards and Sons,"149 Banks Highway Apt. 729
East Davidberg, KY 68838"
780,"Reeves, Shepherd and Salas","03647 Jonathan Mountains Suite 110
West Meganview, MN 23760"
781,Brooks-Swanson,"609 Mark Junctions Suite 258
Leemouth, MT 52682"
782,Ferguson-Mcclain,"6117 Wood Groves Apt. 213
New Mary, WI 60078"
783,James-Cole,"5722 Chloe Mission
Jonmouth, PR 13698"
784,Edwards Group,"0338 Grant Circle
South Nicole, CO 88696"
785,Harris and Sons,"778 Atkins Mills
Petersonview, MA 94317"
786,Martinez Inc,"3610 Marcus Rest
Lake Ashley, PR 55814"
787,Nguyen LLC,"747 Lynn Gateway
Angelport, GU 17045"
788,Bowen and Sons,"0576 Graves Knoll Apt. 615
West Keithfort, SC 41487"
789,"Black, Armstrong and Carroll","1643 Pham Place
Lake Arthur, DE 04717"
790,"Weber, Francis and Cole","17509 Price Fork Apt. 923
West Christopherburgh, NC 84249"
791,Cunningham-Cochran,"1206 Rodgers Harbors
South Mckenzie, MH 44625"
792,Clark Group,"091 Lorraine Landing
Johnview, DE 17406"
793,Zamora-Petersen,"69980 Nicole Manor
Bryanthaven, MD 61702"
794,Wilson-Martinez,"36568 Solomon Point
Williamsshire, NJ 97404"
795,Harrison PLC,"5932 Hawkins Freeway
Sanchezborough, AK 30344"
796,"Jackson, Hunt and Long","69467 Aaron Ways
South Williamside, KS 87624"
797,Howard Inc,"991 Jorge Court
West James, RI 58380"
798,Johnston Ltd,"75340 Tammy Inlet
New Diana, MO 74510"
799,Hines Group,"945 Vaughan Prairie
Lake Heidishire, NM 72369"
800,Mitchell-Kelly,"95536 Angela Squares Suite 883
Ashleybury, VA 78392"
801,Hunter-Mitchell,"948 Atkins Course Apt. 622
Mcculloughbury, IL 37303"
802,Hodge PLC,"1479 Brian Stream Apt. 098
Rebeccaville, OH 33077"
803,Hall-Edwards,"184 Jon Springs Suite 874
Lake Michellebury, AK 31764"
804,Thomas and Sons,"005 Ayala Mill
Jacobfurt, RI 75618"
805,Richardson-Hoover,"7325 Willis Drive
Marshalltown, PW 67708"
806,"Daniels, Livingston and Webb","0486 Walker Parkways Suite 644
Stewartton, MN 84379"
807,"Bradley, Valentine and Reeves","12469 Eileen Prairie Apt. 159
Port Samuel, LA 98047"
808,"Gonzalez, Henry and Ferrell","39081 Christopher Rapid
South April, NV 20039"
809,"Smith, Porter and Shepherd","3003 Stephanie Mall
North Charles, ID 86980"
810,"Peterson, Kelley and Dawson","402 Wells Radial
Davidland, ND 19475"
811,Johnston Ltd,"1750 Christopher Turnpike
Gouldmouth, IN 39747"
812,Watson-Cameron,"929 Mary Oval
Carrilloside, PA 31706"
813,Drake-Tate,"701 Eric Mountain Suite 438
West Haleyville, MT 92590"
814,"Rodriguez, Daniels and Short","15064 Derek Inlet Suite 729
Lake Michaelmouth, SC 73886"
815,"Hester, Kaufman and Lee","769 Maria Lake
Harmonberg, OR 15355"
816,Davis Ltd,"375 Jason Loaf Apt. 094
Ernesttown, VT 58361"
817,Leon-Case,"326 Morton Lodge Suite 309
South Benjamin, MT 51885"
818,Roberts-Reyes,"6567 Bullock Trace Suite 562
Hamiltonberg, NE 93093"
819,Kemp-Martinez,"1245 Christina Ramp Suite 238
South Melissa, NV 42843"
820,Stewart-Ingram,"369 Connor Parkways
Angelaton, CA 32136"
821,Kent-David,"33199 Lisa Skyway
Nicholasland, NE 53912"
822,Bautista Group,"3281 Perkins Inlet Apt. 641
Port Willie, MN 50121"
823,"Bradley, Chan and Miller","7571 King Trail Apt. 539
East Michaelshire, LA 54387"
824,Stone Inc,"Unit 2729 Box 8457
DPO AP 34642"
825,"Williams, Lam and Garrett","USNV Bush
FPO AP 34142"
826,"Gutierrez, Craig and Miles","60226 Mark Fork
South Ericstad, OR 49301"
827,"Silva, Wu and Mccoy","4279 Anderson Valleys Suite 864
South Patriciaberg, AK 80888"
828,"Hoffman, Martinez and Allen","61610 Gregory Camp
New Lorishire, OK 93399"
829,Bush-Barker,"2437 Ramirez Track Apt. 820
Tylerfort, HI 22120"
830,"Barnes, Baldwin and Ellison","233 Thomas Brooks Apt. 655
Lopezside, FL 67055"
831,Ball-Cross,"55757 Hernandez Knoll
Port Paulborough, MI 33190"
832,Clarke-Cox,"6219 Donald Crossing
South Danatown, ME 12838"
833,"Underwood, Meadows and Matthews","392 Jackson Path
Manuelmouth, SC 18157"
834,Owens Ltd,"83419 Daniel Port
Davidberg, AZ 06181"
835,"Bridges, Booker and Miller","010 Garza Bridge
South Jennifer, NJ 79236"
836,Mercado Group,"8760 Johnny Haven Suite 376
Salazarburgh, WY 24983"
837,Miller Inc,"54577 Katherine Road
Maryview, MH 48683"
838,Bullock-Walsh,"8916 King Wall
Jenniferview, PW 60650"
839,Thompson Ltd,"8409 Farley Pike Suite 468
Gentrybury, NM 96071"
840,Anderson-Leon,"65453 Freeman Fall
Gonzalezland, MA 64145"
841,Miller-Smith,"78333 Wilson Drive
Farrellberg, ID 59978"
842,"Tate, Wilson and Green","1670 Jerome Ports
Port Susan, IA 62202"
843,Morgan LLC,"24234 Jackson Stream
North Adam, UT 63313"
844,"Gibson, Mcmillan and Dixon","326 Stephens Park
North Cassandrashire, FL 80745"
845,Ingram-Burnett,"032 William Crossing
East Cody, NM 46484"
846,Cherry-Snyder,"917 Karen Unions
Holderview, MA 54918"
847,Roberts Group,"6476 Thomas Drive
North Becky, WI 83530"
848,Allison-Mitchell,"1450 Christopher Overpass Apt. 978
New Dustin, WV 77123"
849,Thompson Inc,"39296 Johnson Causeway
West Amanda, OR 08706"
850,"Taylor, Reilly and Sullivan","259 Owens Underpass
South Cheryl, IL 20991"
851,Beltran Inc,"786 Andrea Views
Jonesfurt, MI 06548"
852,Grant-Green,"USNV Valencia
FPO AA 53018"
853,Thomas LLC,"96260 Braun View Apt. 631
North Christopherville, DC 25291"
854,Martin-Harris,"0050 Charlotte Heights Suite 343
Rojaston, VT 52319"
855,"Jones, White and Wilson","452 Kirk Cape
Fitzgeraldchester, IL 37578"
856,Hammond and Sons,"2446 Garcia Unions
New Aaron, GU 14395"
857,Juarez Inc,"PSC 9631, Box 0949
APO AA 62655"
858,Brown-Vargas,"220 Thomas Junction Apt. 027
South Christopherhaven, MO 17685"
859,Schmidt-Mayo,"155 Hall Islands
Port Meredith, AS 66714"
860,Wilkins Group,"557 Robert Trail Apt. 003
Christophermouth, NM 14250"
861,"Mathis, Ward and Henderson","Unit 2487 Box 5721
DPO AA 81214"
862,Tanner Group,"880 Eric Stravenue
West Katelyn, GU 41847"
863,"Mccoy, Jones and Andrews","70381 Diana Islands Suite 471
Katrinaville, NC 35038"
864,Koch-Briggs,"089 Gross Squares
Port Danamouth, NH 54428"
865,Perry-Garcia,"3644 Small Point Suite 629
Millertown, UT 34021"
866,Marquez-Nguyen,"8469 Mitchell Divide Apt. 666
Port Charlesshire, ID 18467"
867,"Ross, Kim and Baker","52956 Steven Pass Apt. 339
North Lori, VI 59595"
868,"Scott, Powell and Conrad","95720 Gordon Tunnel Suite 383
Lake Austin, AK 09895"
869,Jackson Ltd,"247 John Manor Apt. 610
South James, TX 34666"
870,Foley-Williams,"54964 Sabrina Lakes Suite 847
Taylorborough, KS 60688"
871,"Barnett, Castaneda and Smith","435 Hayes Cape
Colemanside, WI 36019"
872,Baker and Sons,"8292 Steven Meadow Apt. 871
East Elizabeth, SD 77504"
873,Miller-Arroyo,"39257 Lowery River Apt. 097
South Brandi, CT 21903"
874,"Henderson, Clark and Martin","3082 Adams Crest
East Karen, IL 08516"
875,Carr LLC,"278 Brianna Station
West Kevinhaven, CT 41268"
876,Day PLC,"3695 Jeffery Plaza
Patriciaton, KY 27462"
877,"White, Parker and Deleon","660 Duffy Gardens
Karenshire, LA 32073"
878,Wilkerson Inc,"8813 Nicholas Terrace Apt. 195
South Annburgh, VA 35601"
879,Yates-Carlson,"908 Russo Fall Apt. 463
East Emilymouth, GA 70535"
880,Dixon PLC,"835 Richards Fork
Port Anthonyside, TX 25336"
881,Meyer-Johnson,"00615 Wilson Club
East Sandra, GA 27663"
882,Parsons and Sons,"77837 Michael Canyon
Johnsonport, VA 45130"
883,Evans Ltd,"545 Patrick Path
Singhview, MO 96383"
884,Gray and Sons,"6890 Willis Place Apt. 426
West Jackside, SC 83710"
885,"Knapp, Henderson and Noble","703 Adrienne Valleys
North Jeffrey, DC 66150"
886,"Jones, Hill and Johnson","51683 Mark Drive Apt. 234
Craigberg, WI 24306"
887,Mcintyre-Ramirez,"0684 Cook Flat Apt. 944
West Tanya, SC 76311"
888,Ibarra Inc,"180 Avila Creek Suite 365
Gomezshire, GA 63362"
889,"Perkins, Smith and Newman","59906 Barnes Parkway
Jasonchester, MA 52594"
890,Sanchez-Strickland,"USS Blevins
FPO AA 15928"
891,Griffin-Mcdaniel,"Unit 8705 Box 6496
DPO AP 95397"
892,"English, Hicks and Dixon","049 Daniel Knoll Suite 147
Stoutmouth, MP 50907"
893,Hunt-Johnson,"9029 Shelly Plain
South Jessica, MP 44345"
894,"Lewis, Lang and Johnson","67644 Mclaughlin Inlet
Port Ryan, OH 97470"
895,Wright LLC,"08382 Sutton Shore Suite 166
New Carolynview, OK 79037"
896,"Buck, Johnson and Garza","199 Angela Shoals
North Jeffery, SD 45952"
897,Jensen Group,"904 Johnson Ports Apt. 418
New Tonya, NV 69841"
898,Thomas-Hughes,"3936 Valencia Ferry
Brownland, GA 48090"
899,Barnett Ltd,"7555 Brooke Crest Apt. 701
Mitchellfurt, VT 53857"
900,"Parker, Hurley and Thomas","1446 Eaton Mill
Vanessahaven, NH 18976"
901,"Reid, Curtis and Fletcher","919 Yolanda Terrace Apt. 651
New Veronicaville, IA 74616"
902,Rodriguez-Cole,"5948 Cesar Neck
Caldwellside, TX 18106"
903,Haney LLC,"7112 King Springs
Brownmouth, CO 86516"
904,"Hunter, Bradley and Smith","74256 Collins Fords Suite 174
Port Bailey, PW 78524"
905,"Williams, Gamble and Miller","0403 Richard Neck Suite 240
South Brandonborough, WY 48930"
906,"Drake, Ashley and Miller","USS Campbell
FPO AP 47669"
907,"Marquez, Montes and Long","5371 Thompson Ports
North Ronnie, FL 87066"
908,"Zavala, Dickson and Marquez","7639 Karen Locks
North Christopher, ND 03298"
909,"Rodriguez, Finley and Garcia","98397 Nicole Plaza Suite 208
Farmerstad, IL 59580"
910,"Perkins, Ferguson and Phillips","6693 Jennifer Unions Suite 636
New Andrea, MN 36723"
911,Benitez Inc,"08174 Adkins Orchard
North Angela, WI 46127"
912,Cruz-Jones,"21683 Jones Throughway Suite 411
South Cathychester, KY 50045"
913,Hernandez LLC,"9342 Taylor Parkway
North Jasminebury, IL 13477"
914,Hanson and Sons,"8148 Price Corner
North Nicoleview, MP 70169"
915,"York, Myers and Allen","2347 Daniel Trail Apt. 214
Williammouth, MI 34895"
916,Hernandez-Ruiz,"1135 Carter Unions Apt. 414
Ericastad, PA 50016"
917,"Andersen, Alvarez and Sheppard","Unit 3002 Box 8582
DPO AP 56638"
918,Nichols Ltd,"23407 Williams Roads
Jeremiahfort, UT 45138"
919,Daniels PLC,"315 Willie Tunnel
Port Taylor, AK 22909"
920,Wilson Ltd,"4986 Melissa Throughway Suite 324
Thomasfurt, UT 39347"
921,Johnson Group,"USNV Holloway
FPO AA 08526"
922,Thomas-Hendrix,"PSC 3211, Box 8943
APO AE 71239"
923,Stewart LLC,"Unit 5178 Box 4177
DPO AP 75985"
924,"Novak, Davila and Wilson","13335 Murphy Lakes
North Crystal, AK 61742"
925,"Mcdaniel, Taylor and Booth","05021 Harvey Flats
Morganmouth, DC 81696"
926,"Colon, Wilson and Lee","USNV Maddox
FPO AE 79817"
927,"Edwards, Stafford and Johnson","1577 Kyle Road
South Michael, KS 35511"
928,Bryan PLC,"Unit 4595 Box 8228
DPO AP 30240"
929,Daugherty PLC,"USNV Garcia
FPO AA 18193"
930,Hill-Gonzalez,"02792 Seth Vista Suite 498
Walkerborough, ID 20722"
931,Jennings LLC,"801 Donovan Shores Apt. 771
North Chad, DE 79641"
932,Hall-Simpson,"PSC 5594, Box 6755
APO AA 77120"
933,"Wallace, Bryant and Kelley","PSC 2047, Box 5078
APO AE 36972"
934,Mccoy-Nguyen,"0256 Maria Circle
Isaiahmouth, PW 92917"
935,Ray PLC,"26809 Garcia Extension
Fergusonton, FM 61898"
936,Armstrong Ltd,"30423 Butler Meadows
Santiagomouth, MH 61304"
937,Martin-Bowman,"Unit 7930 Box 3153
DPO AP 62175"
938,"Mason, Arnold and Rodriguez","11417 William Vista Apt. 924
South Cynthiafort, GU 98577"
939,"Perez, Mayer and Mcdonald","26655 Jesse Coves
South Jose, MD 21108"
940,"Thompson, Allen and Wright","0855 Michael Plaza
South Alexandra, MN 65436"
941,"Bolton, Maddox and Odom","09669 Gerald River Suite 766
East Jamiefort, TN 72239"
942,Odonnell PLC,"3350 Thompson Lock
Chelseamouth, IN 68150"
943,Smith-Barker,"4698 Robert Parks
Lake Paigechester, TN 37237"
944,Mendoza-Matthews,"5588 Maldonado Circle Apt. 550
Dennisburgh, GA 96932"
945,"Fletcher, Hart and Bonilla","128 Kennedy Point
Mariaburgh, AL 49720"
946,Crawford-Ford,"8425 Stewart Ford Apt. 128
Keithshire, LA 37011"
947,Ray Inc,"20768 Evan Green
North Russelltown, MD 05395"
948,Smith-Boyd,"PSC 8279, Box 9866
APO AP 00565"
949,Norman PLC,"PSC 5702, Box 8856
APO AE 01571"
950,Garza PLC,"9685 Rodriguez Inlet Apt. 041
Williamstown, DC 39427"
951,Lawson-George,"30066 Horn Mission
Hessland, NV 37974"
952,Keith Inc,"0229 Moody Stravenue Apt. 628
Port Tracyport, IL 13036"
953,Cruz-King,"425 Anderson Fork
Melanieberg, MP 04955"
954,"Hart, Wood and Herrera","0837 Smith Corner Apt. 278
Lake Nicholas, MP 30866"
955,"Thomas, Adams and Mahoney","58618 Amber River Suite 566
New Megan, KY 81065"
956,"Cooper, Meyers and Boone","09925 Wayne Plaza
West Nathaniel, DE 76372"
957,Robertson Group,"250 Walker Crossing Suite 024
West Amanda, CO 34335"
958,Vega-Jones,"PSC 9308, Box 0039
APO AA 70505"
959,"Young, Oliver and Stephenson","49646 Susan Lane
Port Jessicaside, MS 63161"
960,"Lucas, Oneal and Torres","35805 Heather Prairie Apt. 976
East Daniel, UT 25508"
961,"Farmer, Cooper and Diaz","USNS Castaneda
FPO AA 25045"
962,"Martin, Martinez and Adams","871 Black Cliff
Sharonfort, MO 77057"
963,Price and Sons,"7964 Duran Forges Apt. 071
North Omarmouth, FM 91919"
964,"Carr, Collins and West","537 Rebecca Road
New Richard, NC 02454"
965,Osborne-Wallace,"9249 Hodges Grove
Burnsmouth, CA 27044"
966,"Scott, Smith and Decker","52261 Michael Fall
Roberthaven, MS 44117"
967,Burke-Pope,"243 Lynn Park Suite 733
Lake Samuel, FM 15463"
968,Johnson-Edwards,"467 Armstrong Mountains
East Kimberlyberg, PA 88239"
969,Rice Ltd,"70791 Valerie Islands Suite 962
Valeriemouth, AL 19519"
970,"Hanson, Johnson and Wheeler","5580 Brandon Pass Suite 673
Smithview, NM 34947"
971,Reed-Medina,"PSC 3843, Box 7698
APO AE 46000"
972,Adams-Woods,"1594 George Village
Lake Susan, NY 59413"
973,Cole-Stafford,"6057 Sandra Junctions Suite 250
East Haroldberg, MS 69616"
974,"Farley, Padilla and Russo","202 Jackson Light Apt. 436
North Eric, LA 18797"
975,"Brown, Miller and Callahan","73658 Randall Ports
Guzmanburgh, MN 05151"
976,"Yang, Robinson and Bishop","2448 Romero Station
North Mark, MA 80565"
977,Richardson PLC,"51539 Sweeney Green Suite 910
Maryshire, OH 33435"
978,Morris-Hutchinson,"928 Yvonne Junction
West Charles, GU 95844"
979,"Johnston, Murphy and Gonzalez","PSC 8350, Box 2833
APO AP 08057"
980,"Norton, Griffith and Smith","6209 Taylor Gardens
Christymouth, ND 10536"
981,"Miller, Meyer and Harris","096 Sherry Dale
Shawnburgh, LA 44228"
982,Holloway Group,"0710 Willis Club
Port Ashley, MP 14125"
983,Mills Group,"09849 Caitlyn Squares
Rileyfurt, WY 26299"
984,Vargas-Peterson,"10092 Scott Loop Suite 506
Johnton, GA 25321"
985,Lawson-Snyder,"283 Lori Village Suite 449
South Linda, WI 88127"
986,"Jones, Rhodes and Martinez","Unit 3966 Box 6866
DPO AP 87622"
987,"Mclean, Ward and Medina","1956 Kimberly Villages Suite 102
Lake John, UT 55788"
988,Hopkins PLC,"1971 Rodriguez Stravenue Apt. 070
East Laura, MO 19745"
989,Gross Ltd,"26066 George Falls
Hahnfurt, MA 83281"
990,Reilly PLC,"4305 Johnson Mountains
Crystalborough, WY 04746"
991,"Ruiz, Nielsen and Blackwell","PSC 7446, Box 0895
APO AE 18699"
992,"Booth, Terrell and Pena","335 Clark Junctions
Burgessberg, AS 00816"
993,Bennett and Sons,"USCGC Clarke
FPO AP 36408"
994,Solomon PLC,"578 Mcdonald Trace Apt. 169
West Shannonstad, IA 79976"
995,Jenkins-Aguilar,"821 Le Coves Suite 061
Port Robert, PW 66388"
996,Pena and Sons,"3474 Scott Land
Jamieburgh, CA 92276"
997,Brock Inc,"201 Harrell Fork
Jochester, NM 52517"
998,Sutton PLC,"8067 Atkinson Highway Suite 556
Courtneyview, TN 79718"
999,"Stokes, Martin and Griffin","635 Laura Crossroad
Lake George, ND 85907"
1000,Chavez-Thomas,"4176 Angela Crossroad
Port Jody, VA 54360"
