CustomerID,CustomerName
1,Nicole Pena
2,Matthew Holmes
3,Christian Blair
4,James Allen
5,Kristin Reyes
6,Rhonda Turner
7,Brittney Townsend
8,Nicole Simpson
9,Eric Garcia
10,Tonya Leach
11,Jacqueline Wright
12,Yvonne Anthony
13,Sherry Leblanc
14,Kevin Stephens
15,Steven Hendricks
16,Rebecca Reed
17,Troy James
18,Sarah Case
19,Brooke Pierce
20,Jamie Davis
21,Joshua Davis
22,Mike Smith
23,Zachary Rios
24,Christina Robertson
25,Jonathan Johnson
26,Marcus Weber
27,Christopher Carpenter
28,Ann Reynolds
29,Dr. Darren Phillips Jr.
30,Christopher Potts
31,Susan Lopez
32,Thomas Montgomery
33,Rebecca Sanders
34,Aaron Brennan
35,Eric Dixon
36,Lisa Phillips
37,Ashley Lawson
38,James Barnes
39,Catherine Sawyer
40,Lee Richards
41,April Jennings
42,Judy Lucero
43,John Schultz
44,Stacey Arias
45,Roberto Michael
46,Paul Smith
47,Jamie Cervantes
48,Denise Burnett
49,Casey Harvey
50,Mary Lopez
51,Ronnie Oconnor
52,Kristine Parrish
53,Caitlin Nguyen
54,Angela Marshall
55,Walter Hines
56,Kimberly Gilmore
57,Timothy Bauer
58,Carolyn Smith
59,Amanda Dillon
60,Robert Colon
61,Danielle Frederick
62,Mr. Terry Mcgrath
63,Kim Evans
64,Cynthia Allen
65,Cindy Sawyer
66,Richard Taylor
67,Morgan Padilla
68,Jonathan Gutierrez
69,Diana Everett MD
70,Nancy Hawkins
71,Terry Schneider
72,Beverly Harris
73,William Bowman
74,Andrea Mendoza
75,Debra Haney
76,Ashley Keller
77,Casey Stanley
78,Nicole Burns
79,Todd Kennedy
80,Ashley Sanchez
81,Charles Henderson
82,Jack Turner Jr.
83,Jessica Johnson
84,Mathew Gomez
85,Samantha Hamilton
86,Laura Jacobson
87,Frank Obrien
88,Julie Bradshaw
89,Anna Cox
90,Shannon Dean
91,Lynn Schwartz
92,Dawn Fuller
93,Mark Sawyer
94,Aaron Moss
95,Donald Sims
96,Jessica Smith
97,Regina Costa
98,Jennifer Peterson
99,Sarah Mueller MD
100,Amber Hill
101,Jennifer Garcia
102,Tanya Gonzalez
103,Manuel Miller
104,Kenneth Mccoy
105,Austin Barnes
106,Eric Sutton
107,Amanda Cook
108,Elizabeth Jackson
109,Sarah Hopkins
110,Grace Stone
111,Darren Bender
112,Michele Garcia
113,Elizabeth Archer
114,Sheila James
115,Edwin Reynolds
116,Scott Armstrong
117,Connor Martin
118,Matthew Hill
119,Kelly Vasquez
120,Wendy Woods
121,Megan Cobb
122,Jordan Burke
123,Dr. Ryan Jackson
124,Elizabeth Baker
125,Casey Spencer
126,Miss Katherine Smith
127,Shawn Garner
128,Eugene Thornton
129,Joshua Smith
130,Elijah James Jr.
131,Michelle Gibbs
132,Kevin Barton
133,Ashley Young
134,Kelly Campbell
135,Mary Costa
136,Matthew Jackson
137,Amanda Wilson DVM
138,Michele Carpenter
139,Kevin Johnson
140,Rita Martinez
141,Virginia Walters
142,Autumn Mckee
143,Amy Malone
144,Karen Callahan
145,Christopher Shields
146,Charles Hall
147,Richard Gomez
148,Daniel Webb
149,Dalton Woods
150,Patrick Evans
151,Kevin Reeves
152,William Carpenter
153,Ryan Richardson
154,Danny Aguilar
155,Steven Thomas
156,Paul Fowler
157,Lauren Robbins
158,Corey Jackson
159,Randall Valencia
160,Brian Garcia
161,Mary Stephens
162,Albert Tucker DDS
163,Courtney Moore
164,James Warner
165,Ethan Walsh
166,Veronica Hill DDS
167,Cody Rodriguez
168,Laura Cochran
169,James Reid
170,Rhonda Green
171,Marc Powell
172,Nathaniel Jimenez
173,Carol Brown
174,Sharon Turner
175,Lawrence Price
176,Amanda Hill
177,Andrew Deleon
178,Eduardo Garcia
179,Ms. Jennifer Gonzalez
180,Alfred Howard
181,Michelle Aguilar
182,Lori Calderon
183,Aaron Gonzalez
184,Elizabeth Esparza
185,Vicki Moore
186,Laura Flores
187,Jason White
188,Mitchell Anderson
189,Paul Martin
190,Stacy Carrillo
191,Alexis Walker
192,Beth Diaz
193,Benjamin Turner
194,Claire Rodriguez
195,Jimmy Perry
196,Jonathan Collins
197,Kyle Morris
198,Ashley Thomas
199,Brent Bond
200,Cassandra Mason
201,Sandy Graves
202,Ronald Ferguson
203,William Guerrero
204,Erica Key
205,Samantha Harper
206,Michelle Wells
207,Miss Amber Williams
208,Anthony Mitchell
209,Erica Cannon
210,Jeanette Cook
211,Warren Ball
212,Jeffrey Jones
213,Wendy Anderson
214,Molly Roberts MD
215,Melissa Franklin
216,Mary Greer
217,Robert Browning
218,Frank Fowler
219,William Rivera
220,Cynthia Lopez
221,Garrett Jackson DVM
222,Richard Cuevas
223,Rachel Walker
224,Mrs. Kari Carrillo
225,Tammy Harris
226,Leslie Dean
227,Jorge Dominguez
228,Alicia Andersen
229,Thomas Martin
230,Andrew Vaughn
231,Dominic Stewart
232,Tina Conrad
233,Margaret Mcdonald
234,Dustin Preston
235,Jason Reeves
236,Albert Keller
237,Kelli Smith
238,Shaun Stewart
239,Stephanie Valdez
240,Stephen Newman
241,Kevin Hoover
242,Mallory Sherman
243,Cindy Freeman
244,Brianna Brown
245,Luis Richardson
246,Steven White
247,Daisy Krause
248,Michael Rivera
249,Heather Fitzgerald DDS
250,Carol Holder
251,Sarah Hutchinson
252,Sandra Smith
253,Sean Wallace
254,Terry Jones
255,Morgan Murphy
256,Mike Mendoza
257,Tamara Deleon
258,Laura Wright
259,Krystal Jones
260,Helen Fleming
261,Janet Hansen
262,Justin Morris
263,Nancy Lewis MD
264,Jeffrey Cervantes
265,Katherine Watson
266,John Walker
267,Lynn Richardson
268,Nichole Mccarty
269,Gregory Pope
270,Shelby Zimmerman
271,Yolanda Castro
272,Marc Snyder
273,Robert Hall
274,William Brown
275,James Barnett
276,Daniel Hayes
277,Anthony Randall
278,Misty Mejia
279,Brittney Hester
280,Ann Roberson
281,Robert Hill
282,Jonathan Garcia
283,Lindsey Thompson
284,Heather Miller
285,Jeremy Kelley
286,Alan Walker
287,Edwin Powers
288,Raymond Perez
289,John Walsh
290,Kevin Williams
291,Zachary Collins
292,Brianna Carson MD
293,Misty Chandler
294,Elizabeth Acosta
295,Jocelyn Durham
296,Nicholas Greer
297,Crystal Allison
298,Christopher Francis
299,Stacy Ward
300,Michael Figueroa
301,Noah Sutton
302,Robin Gray
303,Anne Boyd
304,Damon Miller
305,Connie Hendricks
306,Anna Johnson
307,Mrs. Courtney May
308,Michael Young
309,Linda Dennis
310,Michael Dennis
311,Phyllis Porter
312,Patricia Mcintyre
313,Olivia Brown
314,Aaron Kelly
315,Beth Ray
316,Chris Wise
317,John Thomas
318,Dr. Shannon Lopez
319,Taylor Wong
320,Justin Cain
321,John Little
322,Steven Mckenzie
323,Jesse Riley
324,Aaron Hunt
325,Rick Hawkins PhD
326,Desiree Green
327,Samantha Wiggins
328,Melissa Hernandez
329,Briana Higgins
330,Miss Michelle Hansen MD
331,Jesus Anderson
332,Nicole Garcia
333,Cristina Henderson
334,James Gomez
335,Lauren Payne
336,Julie Townsend
337,William Reed
338,Dylan Scott
339,Jennifer Johnson
340,Kathryn Neal
341,Jackie Moreno
342,Matthew Bentley
343,Keith Robinson
344,Candace Paul
345,Kristin Fox
346,Erin Jones
347,Christopher Tanner
348,Wendy Alexander
349,Alice Austin
350,Robert Gonzalez
351,Kevin Bass
352,Jenna King
353,Richard Summers
354,Stanley Miller
355,Dr. Elizabeth Wilson DDS
356,Benjamin Mcdonald
357,David Rodriguez
358,Madison Tucker
359,Larry Smith
360,Laura Buchanan
361,Diana Adams
362,Wendy Lucero
363,Stacie Jones
364,Martha Smith
365,Michelle Kim
366,Paul Boyle
367,Helen Parker
368,William Thomas
369,James Stewart
370,Kelly George
371,Anthony Brown
372,Lisa George
373,Carl Williamson
374,Kevin Lopez
375,Jimmy Jimenez
376,Mario Rodriguez
377,Juan Cunningham
378,Michael Jensen
379,Brooke Hunter
380,Susan Weber
381,Kathy Phillips
382,Brad Brown
383,Alicia Manning
384,Craig Hansen
385,Lauren Quinn
386,John Carlson
387,Kevin Wilkins
388,Shawn Allison
389,Deborah Young
390,Donna Dawson
391,Rebecca Graham
392,Kristin Long
393,Amanda Scott
394,Tara Henderson
395,Deanna Rodriguez
396,Kevin Williams
397,Kelly Barnett
398,Isaiah Green
399,Ruth Merritt
400,Dr. Oscar Hernandez
401,Olivia Taylor
402,Vernon Rodriguez
403,Patrick Munoz
404,Brandon Hensley
405,Joseph Parker
406,Tara Howell
407,James Chavez
408,Dr. Valerie Sullivan MD
409,Beth Massey
410,Joshua Washington
411,Allison Brown
412,Michael Moore
413,Jenna Livingston
414,Dana Smith DDS
415,Manuel Sullivan
416,Todd Woods
417,John Stevens
418,Charles Rogers
419,Patricia Mejia
420,John Cross
421,Mrs. Lori Anderson DDS
422,Crystal Hansen
423,Holly Lyons
424,Mitchell Lawson
425,Blake Mcguire
426,Devin Colon
427,Edward Hahn
428,Elizabeth Adams
429,Daniel Lewis
430,Julie Strickland
431,Kevin Rojas
432,Jennifer Cooper
433,Christopher Smith
434,Mr. Barry Hernandez
435,Sergio Hernandez
436,Alyssa Lyons
437,Kimberly Garcia
438,Tammy Medina
439,Natalie Burns
440,Larry Bowen
441,Charles Khan
442,David Thompson
443,Kristine Jordan
444,Karen Rodriguez
445,Nicholas Martin
446,Mrs. Sandy Avila
447,Mark Miller
448,Kayla Davis
449,Katie Scott
450,Mr. Scott Garcia
451,Samuel Pham
452,Gary Martinez
453,Jeffrey Allen
454,Logan Rodriguez
455,Keith Lawson
456,Joan Turner
457,Troy Jones
458,Scott Thompson
459,Benjamin Mitchell
460,Albert Daniel
461,Mark Hooper
462,Kathy Obrien
463,Melissa Sanchez
464,Taylor Hall
465,Alexandria Johnson
466,Alexander Lawson
467,Kenneth Escobar
468,Michael Gould
469,Jeremy Arnold
470,Jennifer Guzman
471,Dr. Heather Melendez MD
472,Kayla Snyder
473,Evan Bauer
474,Christopher Coleman
475,Patricia Riley
476,Michael Lamb
477,Timothy Martinez
478,Scott Martin
479,Andrea Gray
480,Heather Martin
481,Tanner Smith
482,Rachel Duran
483,Linda Jones
484,Jessica Price
485,Sylvia Alvarez
486,Kristin Butler
487,Patrick Garcia
488,Julie Johnson
489,Alex Knapp
490,Aaron Graham
491,Dakota Rodriguez
492,Rebecca Knapp
493,Brett Taylor
494,Joshua Banks
495,Samantha Holmes
496,Spencer Thompson
497,Valerie Lloyd
498,Taylor Reid
499,Richard Hill
500,Aaron Fletcher
501,Amy Stokes
502,Jessica Adams
503,Tyler Stewart
504,Jessica Williams MD
505,Michael Brooks
506,Dr. Joanna Sanders
507,Karen Martin
508,Russell Castaneda
509,Jennifer Hooper
510,Juan Nicholson
511,Stacy Larson
512,Darrell Cortez
513,Shane Walls
514,Jacqueline Mckee MD
515,Lisa Davis
516,Alice Yoder
517,Dennis Thompson
518,Angelica Campos
519,Kimberly Hanson
520,Justin Gomez
521,Jason Ramirez
522,Laurie Austin
523,Robin Villarreal
524,Shane White
525,Cynthia Weaver
526,Kerri Fisher
527,Joseph Hawkins
528,Monica Craig
529,Tracey Jones
530,James Rodriguez
531,Jennifer Cooper
532,Victoria Chung
533,Brandon Johnston
534,Robert Williams
535,Eric Parker
536,William Beck
537,Danielle Maldonado
538,Katie Hardin
539,Joshua Howard
540,Pamela Cruz
541,Allen Acosta
542,Brooke Garcia
543,Breanna Alvarado
544,Donna Combs
545,Bradley Burns
546,Susan Skinner
547,Brenda Stevenson
548,Laura Reese
549,Tyler Smith
550,Mariah Walker
551,Jill Medina
552,Charles Charles
553,Kimberly Allen
554,Jennifer Hall
555,Stephanie Moore
556,Robert Anderson MD
557,Casey Smith
558,Jennifer Taylor
559,Joshua Sosa
560,Steve Black
561,Molly Garcia
562,Antonio Lee
563,Paul White
564,Jason Hart
565,Nancy Martin
566,Craig Wright
567,Nicholas Johnston
568,Patricia Tapia
569,Mary Smith
570,Laura Richardson
571,Don White
572,Michael Hoffman
573,Rebecca Wilson
574,Lawrence Morgan
575,Amanda Beck
576,Sylvia Gonzalez
577,Kyle Edwards
578,Kevin Lawrence
579,Tracy Kelley
580,Vicki Coffey
581,Brian Jones
582,Kimberly Peterson
583,Kenneth Zimmerman
584,David Joseph
585,Anna Clark MD
586,Becky Rodriguez
587,Dr. Deborah Patterson
588,Rachel Ward
589,Edgar Henry
590,Colleen Rosales
591,Bobby Hill
592,Ms. Deborah Huffman
593,James Collins Jr.
594,Michael Carter
595,George Morales
596,Ashley Silva
597,Erin Gonzales
598,William Owen
599,Kenneth Vargas
600,Amy Stuart
601,Samantha Hudson
602,James Castaneda
603,Dustin Grant MD
604,Kelly Ibarra
605,Brooke Briggs
606,Richard Hoover
607,Robert Edwards
608,Anthony Moses
609,Andrew Edwards
610,Dana Garcia
611,Sean Thompson
612,Rose Barrett
613,Michael Ramos
614,Gina Hawkins
615,Vickie Molina
616,Alan Ross
617,Angelica Chavez
618,James Green
619,Roberto Combs
620,Marc Robinson
621,Tamara Greene
622,James Farley
623,Laura Wilson
624,Justin Brown
625,Mary Harris
626,Brent Jackson
627,Elizabeth Clayton
628,Andrew Smith
629,Ian Young
630,Alexander Gray
631,Valerie Lozano
632,Lisa Obrien MD
633,Daniel Hines
634,Michelle Santiago
635,Leonard Calderon
636,Angela Stephens
637,Elizabeth Collins
638,Alejandro Montoya
639,Colin Garcia
640,Jason Black
641,Robert Moreno
642,Anna Sanchez
643,Ashley Mendoza
644,Christopher Robinson
645,Benjamin Salazar
646,Brianna Hampton
647,Crystal Garcia
648,Karen Torres
649,Krista Strickland
650,John Edwards
651,Danielle Allen
652,Jennifer Smith
653,Jennifer Jacobs
654,George White
655,Pamela Romero
656,Wendy Cooper
657,Jillian Humphrey
658,Joshua Johns
659,Daniel Wilson
660,Shane Martin
661,Annette Rosales
662,Nathan Hall
663,Tara Wagner
664,Benjamin Butler
665,Erin Bean
666,Alexis Gallegos
667,Renee Perry
668,David Reeves
669,Tonya Jackson
670,Pamela Craig
671,Sean Brady
672,William Hart
673,Tyler Johnson DVM
674,Haley Fox
675,Elizabeth Brown
676,Jacob Rodriguez
677,Joshua Thompson
678,Raymond Harrison
679,Lisa Gutierrez
680,Richard Brady
681,Matthew Torres
682,Grace Mathews
683,Traci Schwartz
684,Logan Russell
685,Ms. Nancy Martinez
686,Devin Morgan
687,Dorothy Compton
688,Alexander Jacobs
689,Susan Henderson
690,Andrew Phillips
691,Mario Shaw
692,Katie Morris
693,Seth Robles
694,Evelyn Thomas
695,Ryan Moore
696,Andrew Brown
697,Craig Patterson
698,Jacob Daniels
699,Nancy Evans
700,Kathy Mcguire
701,Jennifer Esparza
702,Brittany Delgado
703,Valerie Burnett
704,Kristen Gardner
705,Andrew Johnson
706,Robert Mcgrath
707,Willie Hamilton PhD
708,Douglas York
709,Joseph Wright
710,Caleb Phillips
711,Joe Reyes
712,Zachary Pittman
713,Kelly Scott
714,Evan Khan
715,Meagan Dixon MD
716,Jaime Flores
717,Regina Carpenter
718,Tammy Morgan
719,Lee Scott
720,Ashley Randall
721,Manuel Hernandez
722,Amanda Rose
723,Danielle Henry
724,Philip Gross
725,Patrick Martin
726,Sheila Marshall
727,Sandra Schultz
728,Amanda Jimenez
729,Kelly Taylor
730,Dr. Gloria Young PhD
731,Bianca Perez
732,Oscar Lewis
733,Christopher Mitchell
734,Michael Montoya
735,Jennifer Taylor
736,Michael Ramirez
737,Amy Burns
738,Colleen Munoz
739,Katherine Meyer
740,Erica Scott
741,Carol Munoz
742,David Thompson
743,Lisa Hudson
744,Samantha Olson
745,Sarah Johnson
746,Angel Smith
747,Kristina Maynard
748,Richard Moore
749,David Tucker
750,Jeremy Cortez
751,Leslie Sims
752,Calvin Whitehead
753,Judy Collins
754,Derrick Dean
755,Emily Reed
756,Douglas Lopez
757,Jeffrey Skinner
758,Kelly Booker
759,Connor Russell
760,Melissa Butler
761,James Sanchez
762,Antonio White
763,Steven Taylor
764,Mark Scott
765,James Moran
766,Robert Davis
767,Amanda Wheeler
768,Robin Singh
769,Shannon Boyer
770,Samuel Williams
771,Nicole Gardner
772,Mary Meyers
773,Eric Rodriguez
774,Steven Hernandez
775,Darren Rodriguez
776,Denise Becker
777,Mary Mcclain
778,Catherine Hansen
779,Kenneth Brandt
780,Krystal Gill
781,Jose Burnett
782,Jill Moore
783,Cody Small
784,Cody Abbott PhD
785,Troy Smith
786,Eric Morales
787,Travis Curtis
788,David Mccormick
789,Jennifer Anderson
790,Kelly Conley
791,Jeanette Rodriguez
792,Raymond Burgess
793,James Rowe
794,Brian Smith
795,Mary Cruz
796,Angel Oliver
797,Alan Smith
798,Mr. Larry Davis
799,Hannah Smith
800,Stephanie Hayes
801,Brenda Vincent
802,Jasmine Jackson
803,Alexander Jacobs
804,Chad Gibson
805,Charles Smith
806,Ryan Jones
807,Erin Hamilton
808,Nicholas White
809,Amanda Diaz
810,Connor Harrison
811,Cameron Perry
812,Kiara Davis
813,Brandy Gonzalez
814,Chris Grimes
815,Justin Willis
816,Frank Hernandez
817,Whitney Shields
818,Scott Smith
819,Ian Juarez
820,Michelle Martinez
821,Matthew Turner
822,Stanley Hampton
823,Samantha Hamilton
824,Kayla Cowan
825,Joy Lewis
826,Stephanie Boyd
827,Paul Robertson
828,Melanie Church
829,Whitney Harris
830,Norman Hatfield
831,Jamie Jordan
832,Douglas Walker
833,Alexa Landry
834,Kyle Murphy
835,Catherine Clark PhD
836,Bianca Rogers
837,Robin Ramirez
838,Richard Berger
839,Jimmy Ochoa
840,Laura Smith
841,James Garcia
842,Terry Miller
843,Earl Bonilla
844,Stephen Smith
845,Laura Carter
846,Janet Hood
847,Lisa Wilson
848,Perry Wood
849,Eugene Watts
850,Sarah Nelson
851,Jasmine English
852,Sabrina Melendez
853,Catherine Mills
854,Kyle Meyer
855,James Morgan
856,Lisa Swanson
857,Tammy Peterson
858,Jake Lester
859,Grace Garcia
860,Daniel Pace
861,John Dickson
862,Lynn Garcia
863,Larry Edwards
864,Laura Caldwell
865,Thomas Carpenter
866,Alexis Browning
867,Jack White
868,Alicia Richardson
869,Jacob Shepherd
870,Heidi Newton
871,Paula Walker
872,Donald Gonzalez
873,Jessica Smith
874,Eric Martin
875,Alex Copeland
876,Michael Case
877,Alicia Davis
878,Joseph King
879,Denise Anderson
880,Charles Morris
881,Brenda Webster
882,Gary Mann
883,Marissa Graham
884,Nathan Torres MD
885,Juan Miller
886,Crystal Petty
887,Gloria Simpson MD
888,Jeffrey Patel
889,Nicole Flynn
890,Yolanda Montoya
891,Dennis Todd
892,Scott Ray
893,James Mann
894,Joseph Huerta
895,Kathleen Brown
896,Maria Burton
897,Michael Vega
898,Jaime Sanford
899,Michelle Riley
900,Daniel Ramsey
901,Brandon Murray
902,Michael Chapman
903,Michael Morgan
904,Christopher Smith
905,Lauren Dominguez
906,Catherine Brennan
907,Stephanie Green
908,Tammy Gibson
909,Isaac Flores
910,Jeffrey Harris
911,Judith Marquez
912,Ashley English
913,Tonya Gutierrez
914,Charles Brown
915,Dillon Delacruz
916,Shane Gonzalez
917,Brian Hughes
918,Danielle Webb
919,Jerry Smith
920,Tara Perez
921,James Brown
922,Jeffrey Wilson
923,Melissa Wong
924,Christopher Gomez
925,Kimberly Guerra
926,Joseph Green
927,Rebecca Reyes
928,Donald Lambert
929,Amanda Bradley
930,Pamela Chambers
931,Jack Wright
932,Michael Chen
933,Kimberly Jones
934,Stephen Morgan
935,Christine Pena
936,Charlene Clark
937,Nicole Haynes
938,Tiffany Montoya
939,Amy Strong
940,Valerie Price
941,Megan Padilla
942,Stephanie Williams
943,Veronica Hernandez
944,Tony Patterson
945,Cynthia Moreno
946,Derek Carter
947,Kevin Turner
948,Brandon Sanchez
949,Jessica Oneal
950,Morgan Kaufman
951,Thomas White
952,Melissa Gonzalez
953,Lisa Baker
954,Jason Wyatt
955,Jeremy Smith
956,Joshua Mcdowell
957,Lisa Taylor
958,Brenda Rivas
959,Jacob Stanley
960,Alyssa Anderson
961,Deborah Moore
962,Cynthia Doyle
963,Wesley Ellis
964,Kathryn Mccarthy
965,Mary Garcia
966,Regina Cole
967,Rodney Mejia
968,Kristen Pacheco
969,Charles Mclaughlin
970,Lisa Kelly
971,Robert Gamble
972,Christopher Vincent
973,Alex Wilson
974,Ashley Hernandez
975,Abigail Walker
976,Kristin Reed
977,George Sanders
978,Stephanie Hudson
979,Tammy Hamilton
980,Danielle Turner
981,Danielle Allen
982,Shane Mccormick
983,David Brown
984,Devin Clark
985,Pedro Poole
986,Barry Robinson
987,William Thomas
988,Amy Bird
989,Jonathan Ray
990,Timothy May
991,Kendra Beck
992,Mark Allison
993,Kevin Browning
994,Melissa Short
995,Anthony Brown
996,Annette Lawrence
997,Kristen Rogers
998,Paul Garcia
999,Tina Campbell
1000,Donald Shaffer
