OfficerID,OfficerName,OfficerPhone,OfficerEmail,BranchID
1,Katherine Dennis,999.798.3635x80775,jessewalker@example.net,11
2,Angela Bennett,+1-242-684-4907,cody43@example.net,7
3,Chad Walker,(816)957-8642x934,samanthaphillips@example.org,7
4,Daniel Holmes,9538673266,patricksimmons@example.org,19
5,Francisco Barton,570-874-2272x9540,brianwade@example.net,2
6,Elizabeth Maldonado,817-968-4960x65064,mcmillanhannah@example.net,14
7,Chad Patel,843-668-9649,catherine82@example.com,12
8,Louis Anderson,998-773-8272x862,monica08@example.net,14
9,Kayla Macdonald,934.461.1157,mhayes@example.net,9
10,Kevin Pierce,977-835-8232,rnelson@example.com,20
11,Benjamin Hardin,778.388.1733x900,cheryljohnson@example.net,7
12,Anita Prince,600.526.3818,ann02@example.net,9
13,Elizabeth Herrera,001-758-605-5461x2114,opalmer@example.org,16
14,Nicole Smith,001-881-298-9566,wellsconnor@example.net,6
15,Patricia Robinson,(781)378-6219x87822,christophergoodwin@example.com,15
16,Brenda Patterson,285-779-6444,taylorjohnson@example.org,11
17,John Santos,(810)519-4470,jflores@example.net,3
18,Mark Santos,584-310-6851x94135,ssmith@example.net,12
19,Stephanie Moore,+1-520-390-1613x01705,bridget47@example.net,14
20,Robert Hurst,001-454-712-4450x422,prestondiaz@example.net,12
21,Brittany Sanchez,4496841553,reidgregory@example.com,20
22,Curtis Woodard,868-808-4934x0730,jason89@example.net,4
23,Jenna Wells,+1-562-826-9221,georgeperez@example.org,16
24,Christine Davis,696-758-6694,mlloyd@example.org,1
25,Elizabeth Rogers,+1-307-454-8991x99797,michaelhunter@example.org,14
26,Victor Smith,791-506-7341x6626,jeffreygonzalez@example.com,14
27,Sarah Rogers,001-643-899-3166x15860,andrewyatt@example.net,11
28,Laura Brown MD,(649)636-8875,barrerajohn@example.net,4
29,Matthew Farmer,+1-411-814-9248x26966,deannairwin@example.net,17
30,Mary Bonilla,(636)554-0584,ijones@example.net,17
31,Donald Wilson,712.903.4446,jeffreymills@example.com,12
32,Jessica Webb,+1-433-615-1742x89040,paulabell@example.net,13
33,Scott Clayton,875.644.4901,kyle24@example.net,5
34,Melissa Brooks,(286)287-6802,brianpayne@example.org,6
35,Donna Odom,001-558-375-7111,cindyrichardson@example.org,20
36,Jeffrey Oneal,459.913.4294x60296,ovillarreal@example.net,11
37,Jessica Smith,237.445.2024,srhodes@example.com,5
38,Cassandra Ruiz,7356359513,simmonswilliam@example.com,2
39,Colton Knight DVM,001-764-262-2767x9383,michael89@example.org,2
40,Elizabeth Murphy,(700)807-3717x510,jbyrd@example.org,7
41,William Reid,844.799.8026x83139,steven61@example.net,6
42,Stacey Kelley,750.668.1603,uyoung@example.net,19
43,Mark Young,+1-210-962-3643x7381,gbaldwin@example.net,16
44,Cindy Miller,(723)391-4392,andrewpowell@example.com,16
45,Cassie Moore,(512)930-0187x185,hamiltondaniel@example.org,8
46,Angela Riley,7952058297,agray@example.com,1
47,Robert Stewart,418.907.7522x0217,alvinjames@example.org,2
48,Nathan Baker,853-821-7597,wesley85@example.net,2
49,Bradley Fleming,906.240.1080x915,gregory02@example.com,19
50,Jeremy Terry,(206)919-1213x379,michaelwhite@example.org,8
51,Kathleen Casey,503-274-3504,benjaminnelson@example.net,2
52,Gregory Wiggins,622.856.3655x8500,oconnormichele@example.net,1
53,Keith Swanson,223-867-7638x02913,dustincampos@example.net,20
54,Karen Robinson,001-757-505-5717x9111,linkaren@example.org,3
55,Jodi Watson,6034690706,williamsamanda@example.net,4
56,James Mcdaniel,677-325-0382,anaperry@example.net,18
57,Carol Cline,963-580-4301,jefferymeadows@example.net,5
58,Jennifer Jordan,001-237-395-3124,williammatthews@example.net,19
59,Reginald Mitchell,+1-374-945-7602,jennifer25@example.com,11
60,Austin Hale,595-833-4759,hfowler@example.org,14
61,William Vasquez,638-825-9676x115,keithmason@example.org,16
62,Haley Russell,488-334-7476x3581,kimberly47@example.net,7
63,Kevin Blackburn,(802)331-9693,elizabeth72@example.com,8
64,Blake Garcia,721.206.8224x002,meghan78@example.com,9
65,Lisa Miller,+1-386-446-1592x23803,bellmatthew@example.net,1
66,Daniel Adams,(293)327-1234x1640,epadilla@example.com,13
67,Brian Wilson,001-302-681-5884x02646,plove@example.org,2
68,Victoria Wood,(445)541-5062,wbond@example.com,8
69,Cathy Davis,(777)296-0237x705,nweaver@example.com,13
70,Christina Winters,(330)700-8667x11106,malloryadams@example.org,5
71,Dean George,2308642893,danielmartinez@example.net,18
72,Virginia Rosales,(489)628-1020,hunternorma@example.net,1
73,Ryan Wade,812.919.4914x453,kristine04@example.net,20
74,Hannah Johnson,581.783.0176x3183,joshuabishop@example.net,13
75,Antonio Carpenter,+1-596-533-0154x51464,samanthathomas@example.org,12
76,Cathy Mendoza MD,2623421169,lgriffin@example.net,14
77,Mark Ramos,+1-581-525-8051x14694,samuelrosales@example.org,17
78,Willie Martinez,+1-959-919-3159x6840,mckenziejonathan@example.net,14
79,Hayden Calderon,(652)318-6957,shawchristopher@example.org,8
80,Lori Barron,(992)336-6588,eric57@example.org,5
81,Brittany Anderson DDS,(223)786-4808x98705,desiree62@example.net,20
82,Tiffany Jones,(217)305-9064x4240,jeffrey32@example.com,19
83,Aaron Parsons,+1-369-764-9729x287,cynthiafields@example.org,12
84,Kathy Farley,(814)960-3713,james43@example.org,2
85,James Hansen,310-450-7612x407,chloe56@example.com,17
86,Kimberly Hines,391-417-3051,rileypatrick@example.com,1
87,William Johnson,6183422296,deborah84@example.net,11
88,Robin Santana,678.606.3375,scottrenee@example.org,1
89,Jamie Bennett,298.902.1952,kathryn86@example.com,15
90,Debra Cruz,418-499-0903,williamsalexander@example.com,3
91,Roger Edwards,680.900.9943,garrettvargas@example.net,17
92,Eric Martinez,+1-812-440-1588x922,javierdelgado@example.org,12
93,Angela Cain,(668)993-7606x93738,jasminemiller@example.net,2
94,Madison Cooper,+1-356-855-4217x251,hansenlauren@example.org,3
95,Pamela Clark,207.502.0874x00036,dennisgarcia@example.net,5
96,Charles Thomas,(453)826-4094x9126,mary38@example.com,4
97,Mary Bell,386-403-0403x55462,derrick04@example.org,1
98,Robert Daugherty,316.238.8275,michael73@example.org,15
99,Paula Matthews,5972698068,onealmaria@example.org,18
100,Kathy Smith,+1-544-745-4108x2642,william61@example.com,2
101,Juan Robertson,928-908-1385x2352,garciasherry@example.net,7
102,William Cruz,906-381-9420,nrichardson@example.net,12
103,Alvin Aguirre,465-643-7184x2219,bharris@example.net,11
104,John Roth,231-507-9230x9935,smithbrianna@example.com,3
105,Kaitlyn Tanner,+1-649-997-1910x9968,michael78@example.net,3
106,Kim Lee,001-218-565-3123x197,adamnielsen@example.net,10
107,Christine Moore,390.248.2331,colleenkent@example.org,3
108,Natalie Johnston,7155295802,foxrachael@example.org,13
109,Nicole Lewis,265-428-1853x77292,pwise@example.org,18
110,Alexandra Perez,2534539352,qbrown@example.net,10
111,Stephanie Patterson,(211)601-4140x2650,bishopjoshua@example.com,8
112,Monica Webster,001-901-851-5944x7574,morrisonjames@example.net,5
113,Tiffany Shepherd,710.963.0195,julia66@example.org,3
114,Michelle Stewart,221.776.8556,pkemp@example.org,9
115,Kenneth Thomas,+1-854-732-1978x570,williamwiley@example.com,11
116,David Miller,879.615.5870x12584,matthewdawson@example.net,15
117,Catherine Smith,886-902-5093x154,erin17@example.net,7
118,Adam Price,472-355-5659x98780,amber78@example.com,4
119,Michael Doyle,001-996-627-1505x969,hayesashley@example.com,3
120,Melissa Rios,+1-667-840-9997x941,jameswilson@example.com,7
121,Jennifer Hines,+1-839-891-6690x715,davidpugh@example.org,18
122,Kim Alexander,001-417-805-0543x488,torresgina@example.com,12
123,Elizabeth Vasquez,+1-994-412-1498x1406,floresalexander@example.net,9
124,Cody King,+1-746-354-7639x451,jenniferhuff@example.com,14
125,Frank Gibson,001-910-790-8912x8915,tiffany32@example.org,19
126,Nicholas Hale,(762)778-3785,sheltoncory@example.com,1
127,Chelsea Patterson,+1-503-799-2186x40284,timothy95@example.org,9
128,Nathan Sanders,252.793.6653x587,pnorman@example.net,16
129,David Hernandez,2683670242,alisha95@example.org,15
130,Tiffany Davis,+1-458-409-0432x733,cmerritt@example.net,8
131,Phillip Smith,+1-819-712-8072x2607,stephanie16@example.com,19
132,Alexandra Navarro,9939136942,kevinmoss@example.net,15
133,Shannon Lang,519-317-1408x6509,daniel14@example.org,13
134,Sarah Nguyen,(615)332-6955x142,zmunoz@example.net,15
135,Michelle Moore,001-957-483-6065,cobbjonathan@example.net,18
136,Mackenzie Williams,4738174653,williamwright@example.com,20
137,Danielle Farrell,(994)641-4985x778,castanedacatherine@example.net,8
138,Sarah Walton,2665078249,christina06@example.org,5
139,Erin Erickson,203-426-3048,shernandez@example.net,16
140,Joseph Moreno,342.660.5902x956,andrew28@example.com,18
141,Jacob Martinez,780-397-6883,dherring@example.com,14
142,Antonio Arnold,474-370-6060x05084,jacqueline66@example.org,14
143,Cody Cisneros,604.600.5419x8378,flemingmatthew@example.com,18
144,Martin Roach DDS,001-731-566-3552x1513,isaiahjohnson@example.com,18
145,Christopher Ochoa,001-519-593-9552,cameronjones@example.net,17
146,Cindy Turner,994-725-9481x240,kennedyhenry@example.net,18
147,Michael Thompson,550.767.8461x32536,duncanphillip@example.net,15
148,Janet Deleon,+1-326-393-3109x2596,lisa29@example.net,4
149,Christopher Hill,+1-296-366-6372,wilsonadrienne@example.com,2
150,Nathan Miller,933-702-3601,ojohnson@example.com,6
151,Anthony Fisher,648.606.9297x83474,megan18@example.net,15
152,Shawn Carter,722.520.3776x405,kathryn93@example.net,14
153,Aaron Frost,701-506-1676x841,mgrant@example.org,10
154,Ashley Barron,5385493674,michael82@example.net,13
155,Cynthia Martinez,941.420.8390,nuneztammy@example.org,5
156,Jeffery Cole,914.482.8527x4678,shannon19@example.net,4
157,Julia Moore,001-393-287-8868x895,ureynolds@example.com,18
158,Benjamin Burns,001-994-985-6963,hjohnson@example.net,5
159,Thomas Roberts,(255)993-4185,andersonwilliam@example.com,20
160,Lynn Roman,299.295.8493,tiffanycrosby@example.com,14
161,Stacie Anderson,870-977-7784x8576,uroy@example.com,14
162,Julie Murphy,564.260.6611x17781,tallen@example.org,9
163,Jennifer Graham,001-788-238-6973,barbaralevine@example.net,10
164,Jeffrey Moon,(886)733-1082x5025,thomas35@example.com,14
165,Jennifer Williams,(533)306-1977x7897,juliecallahan@example.org,19
166,Steven Jones,7852611784,sarah62@example.net,17
167,Ronald Hardin,+1-709-278-4123x8881,zjohnson@example.com,18
168,Jessica Moss,001-428-599-3619x775,john49@example.org,10
169,Angela Lambert,+1-387-844-5077x976,melissakane@example.org,9
170,Deborah Fox,6898740414,anthony86@example.com,5
171,Keith King,987.947.8077x39517,alanmadden@example.org,8
172,Shelly Davidson,682-254-2409,davidjackson@example.net,16
173,Bryan Johnson,(566)916-8014x41398,rebeccalewis@example.com,6
174,Joshua Jefferson,+1-784-610-1326x28487,anita09@example.net,2
175,Lisa Lewis,001-290-578-6066,emily45@example.net,17
176,Krista Howell,(403)430-5776x87043,ericbutler@example.org,2
177,Barbara Gonzalez,249-703-0916x3697,jasmine97@example.net,17
178,Becky Anthony,+1-542-844-6874x95636,danielserrano@example.org,12
179,Christine Robbins,001-742-515-2643x8117,patrickklein@example.com,10
180,Juan Torres,001-621-224-6499x0618,pdavis@example.net,6
181,Cynthia Fernandez,556-949-0003x70551,mathisbrian@example.net,3
182,Marc Johns,+1-201-745-7915x9177,lsanders@example.com,5
183,David Carter,8776068051,pbraun@example.com,7
184,Michael Maldonado,+1-453-633-0235x9363,pbishop@example.com,5
185,Karla Davis,677.203.6010x8618,jefferygriffith@example.org,3
186,Robert Mcclure,538-200-4141,vrodriguez@example.org,13
187,John Spencer,+1-718-594-7420x77663,yvette76@example.org,8
188,Benjamin Boyd,001-665-992-6090x311,briggsbradley@example.net,11
189,Edgar Flores,836-616-5108x935,coreyfrancis@example.net,3
190,Vincent Boyd,(883)738-9809,pjohnson@example.org,8
191,Robin Kennedy,(868)264-6854x3783,sotofrank@example.org,13
192,Jeffrey Garcia,(235)616-0336x99021,nicolerobinson@example.org,20
193,Melissa Bell,(742)879-0272x739,brandi68@example.net,16
194,Vincent Rose,001-389-944-3316,ghull@example.org,5
195,Jennifer Long,764-968-6597x65091,gallison@example.com,6
196,Michael Beck,(441)442-1026x880,joshua10@example.org,5
197,Noah Martin,420-232-2505x1043,blackmichael@example.net,12
198,Krystal Morton,524.652.7047x1499,whoward@example.net,9
199,Wayne Ryan,+1-823-247-8091,zperkins@example.net,18
200,Sabrina Ryan,6662688554,gcarlson@example.org,11
201,Lisa Johnson,001-662-730-8172x33211,monicachambers@example.com,13
202,Christopher Taylor,721-451-2679,jesse75@example.net,4
203,Eric Carter,001-693-370-5796x6820,danielfletcher@example.net,12
204,Jodi Cook,5958245511,hmills@example.org,11
205,Pam Peterson,+1-945-948-8582x0863,steven92@example.net,11
206,Miss Tracy Lane,4812096586,blynn@example.org,12
207,Christine Woods,001-235-218-6743x87047,jhahn@example.org,11
208,Carly Wilson,+1-781-477-6156,sharicampos@example.com,5
209,Dylan Odom,553-892-1437,brownpatricia@example.org,15
210,Kimberly Jones,7599914955,deborah50@example.org,11
211,Mary Rodriguez,317-696-4524x53941,zgordon@example.com,19
212,Andrew Simmons,204.753.4756x6592,frank60@example.org,17
213,Courtney King,794.558.4965x50406,andrewvillanueva@example.org,2
214,Laura Brandt,001-416-652-9931x3348,jean56@example.com,20
215,Patricia Brown,001-534-445-6624x2021,angela88@example.com,6
216,Jacqueline Robinson,983.619.1081,dorothy10@example.net,12
217,Mindy Morris,814.649.4913,jking@example.net,7
218,William Brown,812.369.1210x190,tina37@example.net,2
219,James Gray,268-923-7367x3059,jonathan58@example.org,1
220,Wendy Ramirez,001-782-947-8990,nfrank@example.org,12
221,Julia Gonzalez,001-296-414-6062,steven83@example.org,8
222,Paula Romero,686-763-4130,barberkatie@example.com,13
223,Tamara Banks,624-937-0244x442,carneyrichard@example.org,5
224,Karen Gibbs,246.468.2732,kyleharris@example.com,15
225,Ronald Adams,+1-600-814-0987x148,nperez@example.com,9
226,Linda Mccarthy,5089976475,mendezsean@example.org,13
227,Tammy Bishop,+1-579-323-9770x2437,jenniferyoung@example.net,6
228,Robert Jordan,708.317.4994x605,nking@example.com,3
229,Stephanie Garrison,001-812-922-3700x824,kevinpowell@example.com,4
230,Michael Fowler,(990)679-9953,johnsonmeagan@example.com,5
231,Dawn Nelson,001-925-785-9435x343,oibarra@example.com,11
232,Lisa Wagner,3393620475,dmiller@example.com,4
233,Christopher Hansen,4513725580,teresa80@example.net,17
234,Jennifer Kelly,552-515-2067x3136,ilove@example.org,20
235,Theodore Mullins,(676)832-3466x302,aparker@example.org,9
236,Tami Ellis,5826350416,sara79@example.com,11
237,Sandra Sanchez,(523)793-8279,samanthagarcia@example.org,16
238,Valerie Hudson,(407)381-0111x432,joanna53@example.net,2
239,Kathy Eaton,868-601-7668,lauragordon@example.com,11
240,Heather Alvarez,892.418.5747x7624,seth09@example.com,17
241,Angela Coleman,962-586-0473x688,shannon28@example.com,2
242,Jessica Lopez,849-242-3061x51478,sarapreston@example.com,7
243,Derek Landry,+1-285-850-4202,zwilliams@example.com,15
244,Matthew Graves,+1-907-694-6456x29925,ryan35@example.com,6
245,Trevor Evans,001-220-942-2939x872,jeremy32@example.org,7
246,Crystal Ruiz,+1-835-678-7772x20007,iallen@example.org,2
247,Joseph Harrison,552.695.6548x4224,mendezethan@example.org,14
248,John Davis,(433)867-7466,drewowen@example.com,16
249,Jonathan Chapman,258-596-9253,farmstrong@example.com,5
250,Felicia Kennedy,+1-900-264-5217,linda70@example.org,8
251,Stacey Williams,5845930528,jennifer62@example.net,18
252,James Walters,+1-480-693-6708x17012,dhughes@example.org,12
253,Morgan Goodman,+1-292-387-1585,yraymond@example.org,10
254,Sherri Stein,+1-500-217-2440x3460,jonathan04@example.com,8
255,Amy Irwin,(419)430-9775,butlerronald@example.com,3
256,Gregory Davis,001-774-488-5362,plopez@example.org,11
257,Caleb Robinson,(694)561-2154,jennifer77@example.net,2
258,Christopher Ortiz,(998)284-1023x51367,reillybrandi@example.com,3
259,Tonya Ford,(312)887-3107x28655,cathy40@example.net,9
260,Robert Morris,001-512-422-1209x0834,patricksmith@example.org,2
261,Elizabeth Hines,(919)934-7413x009,frankarmstrong@example.net,8
262,Pamela Hahn,739-260-1867x263,sconner@example.org,10
263,Jeffrey Hines,(255)974-1008,davidochoa@example.net,2
264,Luis Franco,001-214-560-5164,jacob10@example.net,20
265,Katherine Johnston,2356092683,rhanson@example.org,13
266,Matthew Harris,+1-844-871-3182x5679,robin11@example.com,13
267,Sandra Baxter,+1-787-610-0255,jeffreytaylor@example.org,13
268,Pam Lloyd,341.560.5434,jason34@example.org,4
269,Leslie Lopez,(896)218-3403,anthony12@example.org,11
270,Courtney Vasquez,3354683082,thomas42@example.org,12
271,Scott Bennett,001-884-982-6582x993,moraleskyle@example.org,11
272,Jessica Castro,744-682-9092,joshuavargas@example.org,12
273,Samantha Stanley,001-879-880-9343x3815,denise46@example.org,11
274,Gina Nicholson,528.609.8800,shaun06@example.com,11
275,Charles Ward,+1-279-249-0738,robinsontiffany@example.org,8
276,Jesse Jimenez,375-223-9873,bartlettjeffrey@example.org,3
277,Rachel Parker,(641)724-6002x7891,sarahleblanc@example.net,10
278,Gina Reeves,(275)966-5803x912,nelsonmichael@example.net,18
279,Dustin Ruiz,860-625-8458x67680,ronaldallen@example.com,9
280,Aaron Hicks,989.794.2898x06350,loriwright@example.net,19
281,Michelle Jones,921-893-0969,bryantbarry@example.org,15
282,Jessica Collier,(793)518-1900,shawn69@example.org,13
283,Carla Gonzales,+1-305-627-4069x92515,franciscojoseph@example.org,14
284,Matthew Payne,+1-859-859-8697x9864,obrienjill@example.net,4
285,Michael Blackburn,(991)797-6315x7868,christine19@example.net,15
286,Morgan Morgan,(228)552-4335x45043,pmckenzie@example.org,20
287,Jamie Robinson,655-231-2249x716,sheilacarrillo@example.com,3
288,Andrew Carson,+1-687-889-0831x55159,smithcristina@example.net,7
289,Jennifer Brown,+1-966-207-2008,smithmichelle@example.com,16
290,Russell Blair,(423)848-4240,katiedavis@example.net,5
291,Adam Harper,711-506-3514x1019,kchen@example.org,4
292,Maria Williams,269.215.0536x984,james73@example.net,16
293,Tracey Vazquez,692-367-2344x72823,stephanie15@example.net,16
294,Donald Collins,+1-681-290-0033,johnrobbins@example.com,19
295,Matthew Hart,396-346-5246,travis79@example.com,19
296,Samantha Martinez,+1-588-846-7948x1583,brandi08@example.com,7
297,Kristy Smith,001-396-511-9664,courtney13@example.com,2
298,Jamie Greer,357-268-5065x260,umoore@example.com,2
299,Craig Dean,+1-436-610-9239,hortonemily@example.org,6
300,Scott Bradley,001-719-999-1151x093,robin27@example.com,9
301,Kimberly Diaz,364-202-8261x453,craigjoseph@example.com,19
302,Jordan Anderson,737.293.6105x1908,edwin74@example.org,8
303,Dylan Walter,563-842-6981,csmith@example.com,6
304,Diane Johnson,472-641-7004,valerieharrison@example.com,4
305,Donald Scott,(585)410-8342,joseph09@example.net,17
306,William Mendez,8134838246,romerolisa@example.com,16
307,Jeffrey Daniel,+1-652-989-1862,qbaker@example.com,11
308,Jacob Myers,(939)442-3335x07750,jackskinner@example.com,17
309,James Davis,001-806-901-5145x542,skinnergene@example.com,7
310,Melinda Cross,001-333-989-8889,eedwards@example.com,17
311,Frank Case,663.792.2046,jeremyvincent@example.net,17
312,Joseph Valencia,987-487-2533,paynevictoria@example.net,17
313,Brittany Miranda,369.377.6822,hkirby@example.net,10
314,Joseph Lewis,859.869.4129,mgould@example.org,13
315,Judy Duffy,232.983.1664,erinlee@example.com,2
316,Jeffery Gardner,293-602-8169,carrollwilliam@example.com,17
317,Randy Lang,523-933-0797x129,kingrobert@example.com,9
318,Victoria Martinez,(881)901-4393x486,jonesthomas@example.com,17
319,Billy Chavez,(772)723-9360x5692,aliciamedina@example.com,13
320,Breanna Calderon,573.506.6270x91197,robertagonzalez@example.org,6
321,Megan Kennedy,+1-800-538-1945,duanetaylor@example.org,18
322,Bianca Lane,572-601-1548x9421,mendozadeanna@example.net,18
323,Fernando Davis,(954)639-3551,lisalewis@example.net,13
324,Kathy Mcclure,001-243-629-6657x29980,wilkinsonelijah@example.net,15
325,Russell Moyer,+1-903-688-0561,courtney50@example.com,6
326,Zoe Reilly,804-864-3896x3611,bryan81@example.net,4
327,Adriana Barry,+1-846-587-4119x73642,hollandpatricia@example.org,17
328,Joshua Aguirre,+1-701-573-1801x26059,elijahmassey@example.net,15
329,Theresa Thomas,847-965-3317,vangeddie@example.com,15
330,Eric Mccoy,+1-263-226-0277x00993,mstewart@example.org,12
331,Michelle Hampton,(453)545-2817x8892,michael09@example.com,18
332,Kimberly Smith,(440)424-9101x4197,huntbrett@example.com,13
333,Emily Gregory,797-543-2429,frankdavis@example.com,8
334,Mary Hughes,935.958.5926,bryanpacheco@example.net,7
335,Brian Schmidt,001-642-296-7971x42757,tracy07@example.org,18
336,Nicholas Bridges,228-694-4010x61246,joel21@example.com,1
337,Harry Holmes,(390)809-4827,whitesteven@example.net,4
338,Vincent Hill,7645272760,catherinecooley@example.net,11
339,Yvonne Mendez,270-826-7388x498,karen34@example.net,20
340,Jodi Christian,+1-963-955-2929x1203,folson@example.com,14
341,Diane King,001-684-342-0720x096,francesmiller@example.com,6
342,Emily Bennett,+1-495-476-3864x901,philiphodges@example.org,4
343,Louis Freeman,946-595-6557x17279,donna50@example.net,16
344,Heather Sheppard,(367)731-9518,bellsarah@example.com,20
345,John Orozco,298-474-5315x0368,heatherrodriguez@example.com,14
346,Brittany Martinez,(862)518-7550x9835,christopherjones@example.com,11
347,Valerie Carroll,001-921-917-6899x1433,danielhahn@example.com,10
348,Ryan Turner,2983020601,patricia63@example.org,12
349,John Sanchez,+1-959-476-5679,jill28@example.org,15
350,Derrick Jones,597-855-5952x64342,darrylwilliams@example.net,18
351,Kevin Cervantes,651-203-2964x20757,jacobholland@example.org,17
352,Jessica Wilson,945.579.3199x1632,amber74@example.net,1
353,Theresa Cervantes,(426)375-7880x3990,philipstone@example.net,11
354,Jessica Preston,509.533.2158,vaughnfrank@example.org,18
355,Virginia Crawford,001-717-321-5265x123,meredith36@example.com,16
356,Katie Olson,4929942789,ruizjuan@example.net,10
357,Lisa Martinez,001-716-603-9908,salazarmarissa@example.com,13
358,Daniel Oneal,566-253-3230,timothysantos@example.com,1
359,Mr. Matthew Barrett,687-478-9853x8046,randyhernandez@example.com,12
360,David Martin,431.242.3523,zmartin@example.net,18
361,Nicholas White,284-403-1421,hernandezjennifer@example.org,12
362,Gerald Carpenter,3754575425,gomezkimberly@example.com,4
363,Catherine Lam,747-317-4066,changseth@example.org,7
364,Amanda Chavez,748.426.1225,lewiselizabeth@example.org,8
365,Joseph Watson,001-403-909-3894x50461,tkelley@example.org,1
366,Mr. Aaron Hahn Jr.,609.768.2279x1793,xjackson@example.net,4
367,Chad Peterson,668-625-7594,terri64@example.org,8
368,Shelby Rodgers,6349647757,jbarton@example.org,14
369,Noah Valdez,001-865-498-2232,jeffrey10@example.net,11
370,Michael Parker,251-496-1079x81321,michaelanderson@example.org,20
371,Julie Clements,392-591-3584x078,jenkinstommy@example.net,1
372,Erin Cole,+1-827-813-9862x20711,justin70@example.com,8
373,Anita Holland,001-761-749-9805x12858,lanemelissa@example.org,6
374,Emily Davis,(742)538-5612,valentinelaura@example.com,15
375,Tina Salinas,(305)735-2667,annasellers@example.com,1
376,Robert Gibbs,+1-575-559-2017x02222,lisawest@example.net,9
377,John Nunez,+1-660-668-6283,sharonmartinez@example.net,7
378,Jonathan Salas,899-846-2114x68424,znguyen@example.net,3
379,Joshua Anderson,795.348.6824,ucruz@example.com,10
380,Kelly Soto,001-248-870-6254x3652,kbuckley@example.com,11
381,Monica Nguyen,(759)752-6688x47589,vtanner@example.net,14
382,Joshua Lynch,251.414.1564,danielsmith@example.org,4
383,Jessica Martinez,+1-290-895-6666,kristinpowell@example.com,12
384,Brittany Atkinson,001-649-363-0584,hornetimothy@example.org,12
385,Donald Matthews,375-662-5956,shannon45@example.net,6
386,Kelly Duffy,725.657.8361x7017,kathrynmartin@example.com,2
387,Robert Hart,437-858-5820x0467,jeffreyrussell@example.com,20
388,Christy Hensley,993.952.6944x55262,singhmichael@example.org,12
389,Natasha Sherman,+1-864-457-6225x408,robin81@example.org,6
390,David Romero,411-323-0196,ashley25@example.org,14
391,Stephen Olson,+1-263-526-0859x2474,larrysosa@example.org,8
392,Judy Singh,(818)591-4668,arobinson@example.com,10
393,Alfred Turner,(307)238-9323x816,tarayoung@example.com,13
394,Frederick Hendrix,001-276-642-4508x490,epalmer@example.net,2
395,James Taylor,932.441.7320,jonesanthony@example.net,5
396,Patricia Hernandez,+1-785-570-8573x651,vgriffin@example.org,19
397,Veronica Braun,+1-781-845-1814x243,timothyarnold@example.org,20
398,Dana Wilson,804-723-3124x557,dvelasquez@example.org,11
399,Travis Stewart,(351)555-0538,gomezbrenda@example.com,14
400,Daniel Tucker,6563770905,englishdebbie@example.org,4
401,Matthew Wilson,555.707.8601x08853,nelsonsarah@example.com,15
402,Jeffrey Martin,(932)732-1326x45562,angela30@example.com,1
403,Paula Carpenter DDS,(966)681-0671,scisneros@example.org,1
404,Jennifer Rangel,501.473.5798x802,lhill@example.net,7
405,Nicholas Garrett,+1-299-783-0123x70000,sierrahill@example.org,20
406,Judith Spears,757-230-6043x3849,llee@example.org,3
407,Madison Ali,(579)333-4312,lauren61@example.org,8
408,Logan Gibson,334-699-7718,eric21@example.net,16
409,James Gonzales,+1-416-605-4465x5849,webbkurt@example.org,8
410,Derrick Johnson,001-784-294-7590x36115,nicholeryan@example.net,6
411,William Garcia,335-390-6066x67762,adelacruz@example.net,20
412,Robert Casey,+1-503-455-6137x5982,xferguson@example.net,16
413,James Young,662-311-0593x504,bryan00@example.org,1
414,David Price,+1-927-964-2275x4268,michaellittle@example.net,20
415,Robyn Fritz,910.422.9565x0879,samantharose@example.com,17
416,Antonio Franco,+1-519-505-4576,ronaldwhite@example.net,12
417,Abigail Weiss,2723782482,cunninghammichael@example.net,2
418,Eric Griffith,001-955-319-3396x3006,katherinewilkins@example.com,6
419,Patricia Williams,(530)833-7691x1209,andrewgaines@example.com,8
420,Mark Randall,937.970.9292x7140,martinezkeith@example.org,19
421,Natalie Rollins,(334)947-4733x4515,garciashelby@example.net,12
422,Penny Howell,+1-759-561-5055x303,mbennett@example.org,10
423,Terry Lopez,291.981.9109x9612,kelly80@example.org,6
424,Karen Munoz,229.619.6830x818,jenniferrivas@example.net,14
425,Robin Moon,643.312.2070,castanedafelicia@example.org,13
426,Michael Brown,001-325-315-4250x8563,ulee@example.org,19
427,Stacy Barnes,572-898-7530x9978,hayesdaniel@example.net,5
428,Katie Combs,564-351-8288,antonio39@example.com,16
429,Mr. James Kelly,+1-938-332-7460x600,bgross@example.org,3
430,Timothy Massey,996-764-3030,teresa41@example.org,16
431,Michelle Ward,+1-567-788-9477x85949,darrell29@example.org,8
432,Daniel Hicks,339-639-9269x619,ulewis@example.com,4
433,Cindy Stein,687-287-3342x66750,vazquezmelanie@example.net,18
434,Brenda Burch,001-737-788-7219x616,dawnpayne@example.org,14
435,Sara Hart,(645)675-6992,edwardsjoel@example.com,1
436,Jose Adams,898.568.2604,crystal29@example.org,15
437,Casey Petersen,694-957-1061x67214,tiffanysullivan@example.net,20
438,Kimberly Coleman,001-957-649-6818,ccortez@example.org,12
439,Derek Williams,001-880-228-9275x66472,smithmeghan@example.com,9
440,Rebecca Jones,(754)292-1377,stevenwest@example.net,8
441,Lori Keller,(498)820-7197,nicholas23@example.org,11
442,Joshua Miller,4903316442,lori89@example.net,5
443,Anthony Norris II,813.384.6622,scottjoseph@example.net,6
444,Laura Garcia,001-576-827-2534,jacobshelton@example.net,15
445,Allison Weaver,001-418-490-1837x788,john34@example.com,20
446,Melissa Miller,(451)617-5214x79267,pvincent@example.net,9
447,Kenneth Mullins,734.955.5456x21737,deborah11@example.com,15
448,Rachel Vasquez MD,(437)331-6651x9133,jenniferdunn@example.net,14
449,Dustin Farley,780.467.7323x036,ldavies@example.com,1
450,Mrs. Kathleen Jenkins DVM,+1-410-979-6763x99271,kenneth14@example.org,15
451,Kimberly Washington,(775)663-8733,ryanblanchard@example.org,19
452,James Miller,861.631.0421x106,rodriguezsarah@example.net,11
453,Eric Fowler,702-632-1797,tshepard@example.org,20
454,David Roberts,646-661-5531,shannonhughes@example.com,18
455,Chelsea Wilson,574-446-1109,harttiffany@example.org,2
456,Sheila Patel,557.633.4410x65909,kenneth27@example.com,12
457,Jasmine Sanchez,(917)815-6714,rebecca56@example.com,13
458,Robin Byrd,(913)916-1693,yarias@example.net,5
459,Katherine Henderson,001-439-475-3118x22587,usmith@example.org,20
460,Lisa Robinson,915.551.5725,mjohnson@example.com,4
461,Sean Warren,001-487-208-6863x403,emily18@example.net,14
462,Robert Thompson,3358846483,ryan80@example.com,3
463,Russell Ochoa,8445130611,cortezmark@example.com,19
464,Joshua Mccarthy,001-233-219-4631x9382,schmidtzachary@example.org,7
465,Jessica Wilson,339-901-8123,derekmurray@example.com,4
466,Mark Moreno,677.966.5733x783,gutierrezjennifer@example.org,6
467,Craig Parker,414-320-2088x937,bvargas@example.net,11
468,Keith Perez,001-584-426-2723x9810,mrose@example.net,9
469,Joseph Hill,942.837.5649,bthomas@example.net,13
470,Jesus Gibson,+1-561-686-6472x16068,mcrosby@example.net,2
471,Miranda Bates,(914)397-3557x39297,davidjarvis@example.com,18
472,Amy Sanchez,799-210-8564x5518,adkinsjon@example.net,13
473,Douglas Jones,+1-955-511-9917x5896,harrismaria@example.net,8
474,Christopher Parker,+1-987-520-7606,rsmith@example.net,17
475,Anne Neal,001-522-343-4177x464,cstephens@example.org,11
476,Clinton Hunter Jr.,2266118446,humphreytyler@example.net,15
477,Jaime Jones,(864)878-3692,roger65@example.org,8
478,Emma Williams,268-317-7209,wphelps@example.com,15
479,Lori Bates,791.906.0526x7028,barbarachavez@example.net,13
480,Kevin Petty,(570)759-0513x56185,angel70@example.com,20
481,Carla Miller,001-917-373-6508x4628,qwhite@example.net,12
482,Todd Ingram,9086929593,pjackson@example.org,6
483,Charles Cooper,+1-623-919-9567x40141,kdean@example.org,1
484,Angela Miller,933.764.7304x67281,patricia18@example.com,7
485,Cody Davis,370-343-3004,christophersmith@example.org,16
486,Kimberly Owens,743-806-2645,amygregory@example.net,8
487,Mark Ellis,+1-548-885-1036x613,lori75@example.org,4
488,Melissa Peterson,6789991333,dmiddleton@example.com,18
489,Michael Mccarthy,+1-398-889-9783,whitemelissa@example.com,14
490,Michael Berry,810-238-3673,shannon97@example.net,1
491,Pamela Greene,510.610.2442x711,cserrano@example.org,5
492,Hunter Walker,555.929.6937,romerokimberly@example.org,14
493,Kenneth Moore,(792)737-1852,brandonhenderson@example.net,18
494,Jennifer Jordan,+1-805-667-8069,tyoung@example.net,18
495,Katherine Winters,(277)556-8772x18285,diazpatricia@example.com,12
496,Mandy Jackson,001-972-352-1759x96007,rhardin@example.com,10
497,Brooke Waters,001-676-909-8220x7410,zperkins@example.com,6
498,Michael Howe,207-213-9545x8984,smithlaurie@example.org,1
499,Craig Nelson,892-294-6244x27237,williamalvarez@example.net,11
500,Michelle Chan,602.269.6882x584,jamesthomas@example.org,4
501,Bradley Bell,001-333-348-6269x7461,deborah61@example.com,11
502,Nicholas Kim,(901)481-2331x7120,benjamin27@example.com,7
503,Erica Newman,535.945.0245x432,jermaine15@example.org,13
504,Leonard Brown,+1-609-293-3254x978,scottsamantha@example.org,10
505,Michael Edwards,353.712.6714,james16@example.com,20
506,Jessica Smith,+1-680-546-6974x5161,mmccarty@example.org,8
507,Jonathan Harper,001-215-817-9386x132,codyerickson@example.com,7
508,Jill Phillips,+1-252-374-9121x0190,kharris@example.net,1
509,Joel Chapman,(305)633-2842x0204,james51@example.net,3
510,Derek Freeman,001-308-542-7846,johnsonmatthew@example.net,19
511,Sergio Gray,338.777.4777x49380,amber71@example.org,7
512,Melissa Tucker,4187799115,newmansara@example.net,2
513,Michael Ward,357.857.4415x29112,kerrdavid@example.com,14
514,Misty Kennedy DVM,001-227-821-8497,navarrokristen@example.org,7
515,Brian Norton,001-218-222-8712x0556,lauren49@example.org,7
516,Jason Cervantes,592-619-0886,wilsonmatthew@example.net,17
517,Dillon Drake,3006073692,lisa31@example.net,1
518,Megan Booker,485.208.5415,deleonjuan@example.org,1
519,Eric Rosales,878.719.7535x50199,ronaldpatel@example.net,11
520,Joshua Escobar,329.486.7559,galvantimothy@example.net,3
521,Darrell Smith,(737)756-0987x6548,ashleygarcia@example.net,6
522,Clarence Hicks,596-803-6585,joycebailey@example.net,8
523,Brenda Gonzales,585.982.5470,jlong@example.org,15
524,Jessica Roach,001-714-562-1118x1636,michele48@example.org,5
525,Thomas Morris,244.438.3894,rowejennifer@example.net,15
526,Jessica Mcfarland,001-465-401-5034,lisawiggins@example.net,15
527,Tiffany Brown,001-382-895-0639x490,dylan63@example.net,17
528,Mark Fernandez,583.691.5424,tammykennedy@example.com,10
529,Angela Bauer,5723144170,maynardchristopher@example.net,2
530,Brian Gomez,001-830-224-1110x6062,alexandra29@example.net,15
531,Kerri Bates,+1-719-942-7529x286,kelsey75@example.com,10
532,Travis Hester,330.329.3609x0508,alexis01@example.com,18
533,Dominic Dorsey,946.888.7406x886,jwalker@example.org,13
534,Ronald Martinez,(679)510-2924,alexwalter@example.com,14
535,Lisa Evans,(923)380-7790,georgejones@example.net,14
536,Jerry Mcdonald,+1-267-704-0206,kwilliams@example.net,15
537,Casey Ritter,+1-620-766-1453,kennethortiz@example.net,5
538,William Hopkins,(271)951-3560,darleneherrera@example.org,13
539,Samuel Yoder,341.984.6529x9664,cdorsey@example.com,16
540,Daryl Campbell,001-815-912-2112,wdudley@example.com,4
541,Jordan Hansen,(650)764-1174x4836,angiereilly@example.net,4
542,Bryan Walker,201-529-7547,dylanquinn@example.com,20
543,Vanessa Johnson,261.625.9231x378,jessica95@example.net,11
544,Benjamin Rodriguez,537.687.4639,glengibson@example.org,5
545,William Woods,281-959-4401x4490,urowe@example.net,2
546,Sydney Shelton,987-407-2608x7358,melissa19@example.net,2
547,Terry Anderson,+1-902-414-7845x9433,bradley38@example.com,4
548,Kathleen Brown,+1-713-832-1372x945,cynthia13@example.org,8
549,Christina Hayes,3743959758,swood@example.net,18
550,Lance Strickland,680.696.4743,william58@example.net,3
551,Luis Knight,+1-322-811-5604x2275,bethany80@example.net,13
552,Stacey Ramos,+1-931-241-2870x52995,acastro@example.net,3
553,Andrew Roberts,879.858.6872x93223,villadavid@example.com,6
554,Andrew Haney DDS,805-737-1384,lori24@example.com,6
555,Donald Frank,997-767-1488x60049,mknight@example.org,19
556,Steven Ramirez,237-995-1759x35862,wgates@example.com,10
557,Jodi Roach,8844263959,mmcbride@example.org,19
558,Ethan Murphy,001-264-567-2736x32166,franciscosnyder@example.net,2
559,Anthony Navarro,625.212.2582x9908,anthony56@example.org,15
560,Michael Cervantes PhD,001-926-938-9733x6086,cunninghamangela@example.com,4
561,Joshua Vasquez,+1-253-205-0666,johndixon@example.net,5
562,Justin Alexander,918.312.6872,sstrong@example.org,20
563,Juan Hill,652-720-3787x14152,josephchan@example.com,10
564,Christopher Morris,714.501.6071x88491,nicoleedwards@example.net,17
565,Gregory Rollins,299-440-5920x7203,todd31@example.com,14
566,Karina Hubbard,876-635-0496x42882,jerry36@example.com,9
567,Xavier Robinson,417.551.6854x3494,vanessa37@example.net,17
568,Steven Wagner,001-704-799-2599x937,msantiago@example.com,14
569,Nicholas Perez,414-447-1155x255,pattontiffany@example.net,9
570,Jasmine Sanchez,001-204-305-9457x160,jessicalong@example.com,13
571,David Miller,251.894.8295,jjones@example.org,8
572,Chris Williams,987-777-6092x73183,melissamann@example.com,14
573,Amanda Gonzalez PhD,802-203-4489,lhebert@example.com,13
574,Mrs. Whitney Garcia MD,227.489.7858x89154,curtis92@example.com,9
575,Samantha Perkins,922-527-4810x30128,jevans@example.com,2
576,Beth Koch,541-266-2915x505,parkerpenny@example.net,11
577,Anthony White,842-614-3147,reginapugh@example.net,19
578,Matthew Rios,(672)642-7033x443,markboyd@example.com,8
579,Jordan Anderson,+1-421-743-5782x3789,rstevens@example.net,13
580,Amber Dickerson,+1-462-738-7828,samantharice@example.org,12
581,Danielle Cox,626.704.9848,awhite@example.org,3
582,Stacie Bernard,+1-462-679-8348x87244,sean19@example.net,1
583,Crystal Davis,542-569-8651,hansonricardo@example.net,9
584,Tammy Mcgee,629-875-8554x477,ronald14@example.org,6
585,Jon Rangel,584-805-4705x74546,nelsonrachel@example.org,15
586,Edward Walker,968-306-0922x3364,jameslewis@example.com,13
587,Daniel Brown,483-487-4710x90428,jeremy64@example.org,13
588,Mary Gray,793.737.7140,nrodriguez@example.net,2
589,Meagan Green,348.451.9809x132,brookereed@example.com,1
590,Rose Pollard,001-937-370-9935x624,wward@example.com,20
591,Erika Santana,001-907-325-4348x77156,ruthhanna@example.com,4
592,Ronnie Hill,344-382-4080x263,shirley29@example.net,8
593,Alexander Berg,+1-334-806-2381x884,patrickgeorge@example.com,19
594,Tonya Anderson,001-926-329-4460x420,danielpatterson@example.net,3
595,Joshua Hayes,302-912-4509x32290,emosley@example.org,1
596,Michael Anderson,212-233-3574x83089,eyang@example.org,7
597,Angelica Hawkins,(510)786-9360,justinboyd@example.com,3
598,Leslie Sanders,973.273.3772x269,bmoore@example.com,6
599,Michele Wagner,321-542-6359x9658,tamaraburton@example.org,18
600,Lawrence Scott,(707)497-3487,mikepatrick@example.net,15
601,Antonio Austin,+1-613-509-1485x815,deanmurphy@example.org,9
602,David Davenport,668-219-5260x819,sharris@example.com,2
603,Douglas Bridges,2376632993,andrewsjoshua@example.net,16
604,Henry Ochoa,+1-683-325-9678x097,gina35@example.com,13
605,Brandon Beard,(327)515-5917x1950,wallersteven@example.com,10
606,Ricardo Galvan,2478022238,christinewebster@example.com,8
607,Maurice Dickson,552-768-2178x773,lee41@example.org,4
608,Dana Logan,(347)790-4680,andreacruz@example.net,5
609,Travis Moore MD,(563)627-7688x7174,evansrobert@example.com,14
610,Tyler Chavez,(434)559-2323,guerreromatthew@example.com,12
611,Mark Black,613.866.1006,rrodgers@example.org,1
612,Autumn Mckinney,(769)775-3645,gutierrezhaley@example.com,17
613,Kayla Cowan,211-317-4687x09841,maldonadotroy@example.net,4
614,Thomas Gray,510-735-4646,jonathan69@example.net,11
615,Willie Diaz,274.249.7576x432,youngpaula@example.org,16
616,Kimberly Gardner,298-643-6892,murraycrystal@example.com,14
617,Mark Alexander,(460)920-1896x044,kevincastillo@example.com,6
618,Lauren Cook MD,432.638.2227x90497,bgonzalez@example.net,8
619,Lee Lee,(598)610-6705x69360,larry04@example.org,16
620,David Levy,+1-979-502-5382x785,tammy70@example.com,18
621,Susan Robertson,4459091198,mfuentes@example.com,12
622,Charles Soto,861-825-8286,opatton@example.com,18
623,Jerry Santiago,3754189608,smithjessica@example.com,2
624,Dylan Clark,319-364-4216x869,lcline@example.org,11
625,Douglas Pearson,(298)553-9577x87610,gregory56@example.net,1
626,Janet Willis,266-338-5810,thomas11@example.org,1
627,Tonya Hawkins,995.663.2762,betty67@example.org,3
628,Maureen Nguyen,+1-739-931-0568,sandra19@example.net,14
629,Eric Gregory,001-279-948-4408x1210,shafferjeremy@example.org,15
630,Sarah Sellers,001-710-455-7266x093,jswanson@example.org,18
631,Andrew Smith,5307500506,sean89@example.net,4
632,Mitchell Oneal DVM,(558)326-2772,audrey02@example.com,14
633,Paula Johnson,781-573-6191x96795,christensenmatthew@example.org,15
634,Carrie Howard,562-862-0750,vpatton@example.org,4
635,Jesse Johnson,9796638699,miguelgarrett@example.com,20
636,Ryan Martinez,720-652-9236,fergusondavid@example.org,13
637,Taylor Meyer,805.484.1798x27258,danamitchell@example.org,4
638,Edward Brown,+1-935-397-1253x09910,matthew30@example.net,13
639,Sara Sutton,+1-679-652-6809x38675,mjohnson@example.com,3
640,Laura Robinson,(513)286-9243x4008,hobbschristy@example.com,18
641,Andrew Rios,(684)217-8932,fergusonvictor@example.org,13
642,Kristin Edwards,(465)648-2043x185,debbie92@example.com,5
643,Travis Dorsey,715-460-0000,hallbrooke@example.com,12
644,Walter Lee,001-734-665-7717x867,gregory16@example.org,12
645,Kelly Cooper,887.900.7953x7319,matthewnoble@example.com,4
646,Jonathan Morrison,+1-655-275-8915x174,mbeard@example.org,16
647,Henry Barrett,(606)633-6321x5381,zgonzales@example.com,5
648,Kenneth Taylor,001-647-784-2175x098,danielschad@example.com,13
649,Daniel Burton,+1-781-505-8174,andersonwesley@example.org,3
650,Debra Guerrero,001-776-951-0075x75161,zharris@example.org,2
651,Samantha Martin,+1-252-735-3421x583,jonathanwilson@example.net,2
652,Penny Nguyen,(894)505-9862,brownjennifer@example.org,12
653,Ricardo Wilkerson,538.479.4939,brookemacdonald@example.com,19
654,Justin Johnson,(683)875-8638,martinerik@example.org,2
655,Brian Mejia,782.923.4012,fadkins@example.com,4
656,Yolanda Winters,800.639.9683,jvasquez@example.org,13
657,Melissa Bush,(682)956-3044x2869,jonespatrick@example.org,4
658,Margaret Landry,001-885-984-4275x94043,jasmine50@example.org,15
659,Joanna Pugh,001-535-479-3364x8888,bellandrew@example.org,13
660,Jason Powell,513.671.9330,hannahgarcia@example.org,8
661,Melissa Wilson,2796204719,amber96@example.net,1
662,Charles Roberts,+1-283-854-1032x742,edward74@example.org,9
663,James Morgan,9825905965,xturner@example.com,2
664,Todd Kelly,(961)647-1960x2352,traceygordon@example.com,14
665,Taylor West,865.420.9484x89744,cynthiagonzalez@example.net,16
666,Virginia Klein,381.854.0201x04666,kimberly50@example.org,13
667,Christine Sweeney,971-865-5599x64384,lcampos@example.net,18
668,Nicholas Smith,715-362-7830x4487,anitajohnson@example.org,14
669,Sara Haynes,001-821-655-9655x862,cantujeremy@example.com,11
670,David Hill,+1-421-901-4379x79496,andrejohnson@example.org,1
671,Lucas Green,001-675-379-7386x5619,jthomas@example.net,9
672,Gerald Mendoza,+1-712-357-3764x37230,emily83@example.org,3
673,Mitchell Harrell,(233)645-9475,fjones@example.net,9
674,Joshua Harrison,+1-929-314-9606x31999,djones@example.net,7
675,Hannah Vance DDS,5644528880,xmorrison@example.net,14
676,Thomas Mendoza,384.645.6061x8181,vanessameyer@example.net,19
677,Noah Robinson,531-806-6340x57134,unguyen@example.com,11
678,Amanda Rogers,+1-677-630-0746x2818,zjohnson@example.com,14
679,Amy Morrison,(389)229-4280x294,jonesallen@example.org,3
680,Kristina Weeks,001-496-823-2692x26171,hensondevon@example.net,12
681,William Hernandez,822.423.9146,nkirk@example.net,1
682,Kristin Riley,6695139339,meyerbeth@example.com,8
683,Christian Flynn,759.211.4152,wrobinson@example.net,6
684,Erin Santana,309.499.2056x091,haleyhernandez@example.com,12
685,Tamara Smith,580.274.3336x836,kevinhenry@example.org,5
686,Jeffrey Wilson,+1-979-395-7519,deborahtrevino@example.net,9
687,Kelsey Bowman,654.262.5167,ashley95@example.net,20
688,Michael Martin,250-557-0429,johnnyrodriguez@example.com,11
689,Sarah Harrison,(943)764-7041,lisa83@example.org,12
690,Timothy Morris,+1-596-544-7943x9988,eparker@example.net,9
691,Gabriel Andrews,784.300.7416,patricia87@example.com,17
692,Matthew Weber,001-547-530-5597x52089,powersjeremy@example.com,10
693,Steven Butler,894.205.2028,arellanokelly@example.com,8
694,Mallory Rodriguez,509.703.6114,robertcarter@example.org,16
695,Michael Nash,806.232.6545,harrisbrady@example.net,14
696,Eileen Parker,8358892902,mmorgan@example.com,2
697,Christopher Grant,001-673-474-8106,mary17@example.com,9
698,Jose Hess,547-878-9125x23294,nkerr@example.net,6
699,Stacy Thompson,859.594.0854,mary64@example.org,14
700,Robert Reyes,327.681.3200x096,oadams@example.com,6
701,Matthew Hutchinson,8854205772,yvazquez@example.net,19
702,Krista Goodwin,(584)583-3103x46518,michaeldawson@example.org,17
703,Robert Meyers,228.345.5089,proberts@example.net,11
704,Patricia Rivera,(631)755-5671x58564,melissahurst@example.net,5
705,Mrs. Brandi Thompson,782.416.2343x348,lcopeland@example.net,16
706,Heidi Hayes,001-492-898-5314x4391,wmcgee@example.org,20
707,Colleen Armstrong,565-978-0541x4765,christopherolsen@example.net,7
708,Pamela Johnson,589-993-8944x418,jacob56@example.org,17
709,Carol Nelson,8267576758,eric16@example.net,7
710,Chris Williams,(428)549-8437,josephthompson@example.com,15
711,Emily Allen,(428)814-4980,amy55@example.net,14
712,Karen Mata,2304700648,erincooper@example.com,6
713,Lindsay Best,919-891-3230x628,nthomas@example.com,11
714,Alyssa Martin,(470)443-8288x51677,amandahawkins@example.com,7
715,Maureen Smith,490.863.1524,jacobalexander@example.org,2
716,Nicole Browning,672-449-1762,rjuarez@example.org,14
717,Erik Dillon,(672)462-7614x452,gregory57@example.org,5
718,James Buchanan,861.583.1351x4108,carolwilson@example.net,2
719,Daniel Kaufman,346-383-2954,maria43@example.com,15
720,Angela Hill,001-895-727-9689,kelly80@example.com,1
721,Michael Ferguson,667-471-9141,robinsonsandra@example.org,11
722,Heidi Valencia,+1-519-545-1729x902,gmyers@example.org,11
723,Shannon Stephens,(323)544-8429,acarr@example.org,4
724,Heidi Mccall,639.771.2309x52865,alexis84@example.org,15
725,Annette Allen,(814)937-3539,jamie84@example.com,11
726,Jessica Johnson,(627)794-2899,allison80@example.com,6
727,Amanda Beltran,001-963-794-5716x113,bali@example.net,15
728,Steven Elliott MD,(753)671-7696x402,nortondonna@example.org,5
729,Jenna Maxwell,001-977-669-5374x4799,phillip58@example.org,13
730,Christy Bailey,001-467-759-2535x694,davidbrian@example.net,7
731,Cynthia Hayes,569-869-3176x4884,aaroncook@example.net,7
732,Andre Ellis,001-859-744-6644x2464,robin03@example.net,18
733,Monica Lozano,269.207.9133,sotojose@example.com,18
734,Stanley Reese,796.853.7771,hilllaura@example.org,5
735,James Smith,709.520.8364x71978,allison93@example.com,4
736,Corey Roberts,871-537-1163,qpatterson@example.org,2
737,Jennifer Sanders,608-913-8356x0296,ddavis@example.com,8
738,Erica Howard,001-508-443-1086x22327,umiller@example.com,17
739,Zachary Roberts,+1-438-258-4833x402,kristincoffey@example.org,16
740,Brett Paul,(235)229-0290x84711,huffmanrobert@example.org,9
741,Brandon Le,(250)408-2079,lflores@example.com,16
742,Tracy Coleman,+1-969-622-8292x0122,robertsanchez@example.org,12
743,Russell Carr,+1-352-475-1813,krystal91@example.net,1
744,Austin Marshall,586.669.8685x1926,wstewart@example.org,6
745,Jeffrey Gardner,829.992.7453,mark29@example.net,15
746,Mitchell Harris,367-795-8580,swilliamson@example.net,8
747,Jasmine Brown,(508)259-3772,chavezgabriel@example.org,7
748,Dana Shah,001-859-317-4127x97070,kevincook@example.net,12
749,Jamie Eaton,468.611.6903x710,fcarter@example.org,19
750,Donald Kelly,301.940.0798x6938,phillip44@example.net,17
751,Bethany Morrison,(331)256-9894x8860,stephanieparker@example.org,5
752,Jenna Baker,+1-531-856-0594x38617,prandall@example.com,19
753,Kelly Campbell,384.460.7787x3082,mclaughlincarolyn@example.org,2
754,Breanna Lin,+1-450-287-0270,guzmanmichael@example.com,6
755,John Klein,974.353.4162x215,watsonkelly@example.com,9
756,Amanda Simpson,(865)839-0901x3505,linda62@example.net,6
757,Anna Taylor,918.797.3969x3163,adrianharris@example.org,4
758,Eric Lara,673.210.8931,rogersrichard@example.net,5
759,Jeffrey King,(749)610-2118x50946,ramosvicki@example.org,12
760,Nancy Obrien,728.449.7560x129,valerieking@example.com,7
761,Mrs. Cynthia Patterson MD,(624)472-7313x479,desireejohnson@example.org,8
762,Antonio Hayes,+1-671-907-2489,kelli73@example.com,1
763,Mike Alvarez,499-342-7720x908,patricia02@example.com,5
764,William Wood,607.449.5606x89136,robin71@example.net,3
765,Anthony Silva,+1-634-681-3192x201,whiterebecca@example.org,8
766,Russell Hurley,762-424-7943x84018,mackenziepeterson@example.net,8
767,Andrew Hill,392.252.9103x955,angela13@example.net,7
768,Amanda Stafford,357.605.9707,lperez@example.org,14
769,Kristin Snyder,912.815.6598x8075,miranda43@example.net,14
770,Sherry Adams,(294)509-1295x52843,xalexander@example.com,8
771,Michael Gonzalez,335.973.1774x590,brandonsavage@example.com,4
772,Kirk Rivas,5462361157,gjackson@example.org,10
773,Samuel Gardner,9045956321,hernandezpaul@example.net,15
774,James Bruce,835.843.9209x4520,jbell@example.org,20
775,Stephanie Jackson,+1-964-224-9014x573,florestony@example.org,10
776,Gary Ward,238-782-4344x45721,kbrooks@example.org,3
777,David Lawson,607-844-9240x867,ihensley@example.com,15
778,Kathy Edwards,619.207.3311x961,wandrews@example.com,5
779,Erin Stevens,+1-805-346-6664x6111,nelsonlisa@example.net,13
780,Brian Barton,550.236.4641x41493,mark67@example.com,4
781,Jennifer Hawkins,316-516-8481,benjamintodd@example.com,10
782,Lori Simmons,503.817.3600x72106,ylopez@example.com,6
783,Jessica Bass,894.655.7626,xnguyen@example.net,18
784,Sabrina Sanchez,463-891-3400x96101,samantha94@example.net,5
785,Jason Carter,222.750.8042x98664,hubbardscott@example.org,15
786,Christopher Mitchell,(503)749-5441x84876,sarahshields@example.com,9
787,Tommy Peters,993-926-1751x795,cbarker@example.net,1
788,Annette Pena MD,678-531-0564,valentinesusan@example.net,10
789,Lynn Lloyd,417.593.0574x958,morsejudy@example.org,20
790,Phillip Skinner,644-644-9597x25484,krista92@example.net,16
791,Michael Holloway,8888076706,zbrock@example.org,4
792,Fred Johnson,+1-255-977-6885x016,njackson@example.org,18
793,Christopher Thompson,+1-398-345-5861x386,benjaminjeffrey@example.org,16
794,Tiffany Jefferson,001-772-707-5071x63595,lindaknight@example.net,15
795,Bruce Marshall,001-923-796-2100,brian51@example.com,14
796,James Mccoy,7725788366,rodney06@example.com,2
797,Stephen Torres,668.820.8161x978,longmeredith@example.com,4
798,Karla Cantrell,414-898-1636,popericky@example.net,1
799,Willie Lopez,+1-963-673-8444x03177,debrawashington@example.net,20
800,Justin Graham,841.815.4275x41854,courtneyhorn@example.net,8
801,Tiffany Rice,873.898.6766x5145,sarahhansen@example.org,1
802,Rebecca Henry,528-642-5714x1118,steven14@example.org,20
803,Alexa Morris,+1-777-384-9699x22213,zcoleman@example.net,13
804,Judy Anderson,684.231.5597x4348,tonya15@example.com,3
805,Stacy Pearson,+1-472-258-1730x3643,cody50@example.com,19
806,John Davis,(485)989-5066,ruizwesley@example.org,3
807,Mary Chen,8609886118,brittanybowen@example.com,19
808,Jessica Bernard,784-201-8471,sarah06@example.com,9
809,Jason Deleon,(390)945-4201x0823,louisromero@example.com,2
810,John Cohen,(810)898-5579x357,stevenedwards@example.com,12
811,Christopher Hood,+1-463-502-3850x870,lopezmelanie@example.net,9
812,Dawn Hernandez,(610)465-7143x159,erica21@example.org,17
813,Christian Zhang,001-790-768-4825x173,richkathryn@example.net,14
814,Daniel Phillips,353-623-9727x15735,peterware@example.org,12
815,Jacob Johnson,(846)756-2963x9052,bryan60@example.net,10
816,Sharon Ryan,9958595608,brandonturner@example.org,19
817,Malik Taylor,+1-776-755-9326x344,saramyers@example.org,6
818,Lori James,281.582.2409,juliegraves@example.com,6
819,Christopher Simmons,+1-956-544-8259x73265,albert51@example.org,10
820,Keith Thomas,320-590-4386x1634,cbright@example.net,20
821,Zachary King,001-370-326-0506x72924,jennifer65@example.com,8
822,William Benjamin,(342)903-1163,justin45@example.com,11
823,William King,651-241-4250,christopher28@example.net,14
824,Michele Larsen,804.927.9373x41442,jamesheath@example.com,8
825,Linda Chavez,+1-234-516-4881,stephaniebeard@example.net,2
826,Tricia Pennington,8135727288,ramseymelissa@example.com,5
827,Jessica Watson,+1-755-267-1757x79329,micheleodonnell@example.org,19
828,Terrance Smith,605-208-9150,shawn06@example.org,11
829,Richard Wallace,594-399-4440x82190,scott08@example.org,10
830,Kerry Shields,(797)892-8176,gregory99@example.org,7
831,Shawn Hess,665-888-5315x37453,pwilliams@example.com,18
832,Joshua Allen,529-673-7769x481,biancaalvarez@example.net,3
833,Samantha Fernandez,294.311.3690x6948,jerome04@example.org,6
834,Bonnie Kelly,802-237-5812x1876,mcbridegregory@example.com,6
835,Angela Young,001-237-752-2376x11229,charlesmartinez@example.net,13
836,Kimberly Pruitt,001-285-236-2233x54290,jasmine20@example.org,16
837,Patrick Brown,979.505.3952x0826,michaelharris@example.com,15
838,Leonard Ramirez,844.453.7450x10921,drichards@example.net,12
839,Douglas Montoya,(217)345-7703,donaldedwards@example.net,11
840,Peter Adams,675-962-8441,michael22@example.com,10
841,Peter Graham,(802)254-0974x078,fosterdennis@example.com,7
842,Clinton Ford,+1-344-633-3811x88536,robert00@example.com,12
843,James Rogers,(289)706-9240x697,rodriguezsamantha@example.org,8
844,Monique Ingram,8225803178,owells@example.org,19
845,Scott Cook,393-340-8884,ryan00@example.org,2
846,Richard Todd,+1-285-731-8111x361,robertvasquez@example.org,16
847,Kayla Gonzales,(466)403-6493,bgriffin@example.net,20
848,Justin Pittman,001-702-770-8527x958,lawrence13@example.com,15
849,Richard Moore,001-877-786-8822x8631,melodywhite@example.com,10
850,Jillian Best,972-338-6456x367,kimberly31@example.net,18
851,Nicholas Villa,272-264-4706x24072,jasonward@example.com,11
852,Catherine Willis,+1-614-416-7896x170,daryl93@example.net,18
853,Allen Daniels,481-336-3332x15060,julieallen@example.net,13
854,Christopher Woods,330-342-1017,aliciarobbins@example.com,12
855,Christopher White,8704420536,brettharris@example.net,7
856,Donald Wilson,792-345-7657,kerry47@example.com,2
857,Jessica Ward,415.312.9997x80035,goodwinkevin@example.com,10
858,Michelle Gibson,954.372.4774x320,samantha40@example.net,15
859,Kristina Johns,570.402.5252,kathleen22@example.com,17
860,Dean Ali,510.251.3537x234,erika97@example.org,15
861,Breanna Leonard,+1-523-378-3274x62963,beckdonald@example.org,7
862,Frank Martin,490-900-4061x86901,amylee@example.org,13
863,Brett Hines,(660)899-3304x0986,jeffrey11@example.net,1
864,Jenny Parks,481-396-1833,cynthiabriggs@example.net,3
865,Amy Smith,653.844.4405x12896,thompsonjacob@example.com,7
866,Tracy Wilson,564-260-4589,caroline50@example.com,19
867,Robin Christensen,+1-782-743-0064x14155,zmitchell@example.net,6
868,Arthur Perez,+1-774-347-3855x418,reginald26@example.net,4
869,Jennifer Collins,+1-281-351-2806x29141,owilliamson@example.com,15
870,Caroline Gilmore,(912)622-8867x99946,fieldsjoseph@example.org,3
871,Colleen Frazier,491-798-6154,aflores@example.com,17
872,Sandra Meyers,+1-518-556-5315x46031,ftucker@example.org,14
873,Donald Smith,+1-259-367-6234x87726,shelbymorris@example.net,8
874,Nathan Rodriguez,(903)879-8546x534,timothy38@example.org,1
875,Jane Walker,322-719-3629,kimgary@example.net,18
876,Marissa Olson,443-998-3962x2635,juliaphillips@example.net,19
877,Alexandria Cunningham,001-854-273-8405x5316,james44@example.net,15
878,Carol Sandoval,(467)741-9177x62582,owenstom@example.org,16
879,Adrian Dixon,+1-542-694-1675x122,clarksteven@example.net,4
880,Angela Torres,465.856.2292x30011,carrie01@example.org,8
881,Cindy Lucas,(790)994-8740x11804,dflynn@example.net,15
882,Mr. Charles Rodriguez,977-406-5322x11985,millercharles@example.net,15
883,Jessica Morris,826.571.0111x509,john44@example.org,20
884,Robert Washington,+1-883-342-1824,ramseykristina@example.org,1
885,Julie Davis,442.470.9232x67620,crystaldixon@example.net,17
886,William Sullivan,001-407-387-4083x2250,odavis@example.net,10
887,Gary Walker,682-821-7294,diana55@example.org,11
888,Jason Montgomery,+1-538-274-2507x94055,wmorrison@example.org,6
889,Gary Winters,001-342-403-4656x56301,wyatt69@example.com,7
890,Beverly Shaffer,001-292-221-1443x650,dominique48@example.com,7
891,Nicholas Pace,+1-556-891-7259x07104,jmartin@example.net,1
892,Michelle Harris,252.429.0296x51672,barronshannon@example.org,13
893,Elizabeth Flores,2095820452,steven38@example.com,7
894,Keith Lopez,447-527-8264x529,williamtaylor@example.com,18
895,Eric Chavez,+1-760-782-5679x330,averyangelica@example.org,7
896,Kelly Benson,304-570-2800,vthornton@example.com,3
897,Tammy Jenkins,833.813.1289x75414,lcook@example.com,6
898,Gina Sloan,+1-615-969-4100x6937,thomas55@example.net,19
899,Elizabeth Miller,(800)315-4213x2587,gregory95@example.net,3
900,Danny Jones,001-428-531-1932,robbinslinda@example.org,12
901,James Cordova,+1-803-384-2048,andrew29@example.org,10
902,David Jenkins,(312)716-4094x312,fmartinez@example.org,5
903,Darrell Anderson,276.870.7185,jamiemyers@example.com,7
904,Edward Ortiz MD,579.686.2123x030,jonestroy@example.net,17
905,Jennifer Cook,652.545.3332,susangonzalez@example.net,18
906,Alyssa Thomas,(826)724-5158x72964,kingjames@example.net,8
907,Jason Rodriguez,653-680-4881,lmedina@example.org,12
908,Stanley Smith,(544)686-2258x4238,amy18@example.org,1
909,Ronald Jones,563-382-4786x340,richard78@example.org,17
910,Brooke Eaton DVM,828.986.8871x808,tracybrewer@example.org,15
911,Jonathan Barrera,+1-855-335-4436x666,wheelermichael@example.com,20
912,James Kane,(735)545-9792x66741,nherrera@example.org,7
913,Jason Richardson,625.338.2253x161,rodney37@example.com,5
914,Jason Cox,+1-292-746-2622x8320,kimberly72@example.net,4
915,Timothy Taylor,(769)387-2928,navarropamela@example.net,17
916,Donald Washington,(934)248-0527x65448,emilyhenderson@example.org,2
917,Daniel Maynard,001-473-394-6756x620,williamsdavid@example.com,18
918,Daniel Schmidt,001-438-376-8098,alexanderblair@example.com,15
919,Joy Hamilton,521-212-2421x11517,gkelley@example.com,2
920,Eric Gillespie,637.858.2823x92742,everettsara@example.com,9
921,Becky Parrish,(546)514-9749x8878,adrianwood@example.net,6
922,Carrie Moore,(526)315-6389x568,cynthia93@example.net,2
923,Shannon Delgado,946.760.4977x553,amcgee@example.org,5
924,Heather Washington,808-917-6473x5630,benjamin84@example.net,20
925,Christina Ortiz,502.313.8800,walkerjohn@example.net,19
926,Denise Foley,001-463-819-2408x41570,chad56@example.net,17
927,Leon Johnson,4998555693,jermainemitchell@example.com,20
928,Charles Preston,(260)987-7189x96959,bryan30@example.net,2
929,Kathleen Smith,+1-760-868-2523,carriemichael@example.net,7
930,Angela Cain,(424)218-7082,howellanthony@example.com,9
931,Lisa Lane,386-717-5185x6731,nicholashensley@example.net,1
932,Jasmine Finley,(219)694-1202x896,garyvasquez@example.net,17
933,Heather Miller,+1-875-279-4892,omiller@example.org,13
934,Julie Ramirez,512-806-5525x41954,qturner@example.com,20
935,Steven Keller,269.902.2195,wkelly@example.net,4
936,Sarah Wilkerson,(580)521-6486,mccannstacey@example.net,18
937,Mark Hall,618-626-9147x62931,pshaffer@example.org,15
938,Adrienne Long,(544)675-8332,klong@example.org,11
939,Jasmine Pearson,001-435-361-6203x8489,englishleah@example.org,8
940,Melissa Lynch,301-766-2946x99474,jonathan43@example.com,18
941,Cindy Becker,(437)915-9161x693,valeriehicks@example.org,15
942,Jay Nguyen,+1-886-655-1806x22221,marissamcdonald@example.com,19
943,Nicholas Wilson,(459)513-2140,aliciavasquez@example.net,20
944,Crystal Carter DVM,+1-460-727-7527,edwardsronald@example.net,4
945,Kristina Ferguson,5077117983,darlene44@example.org,3
946,Kelsey Lewis,617.993.5721x6264,harrispaula@example.net,12
947,Jeffrey Valdez,+1-702-914-4392x1497,lauren04@example.org,13
948,Jonathan Dean,(836)505-4703,barrerasherri@example.org,14
949,Laura Lucas,+1-601-430-3776,paulgilbert@example.net,2
950,Thomas Cole,7949043783,betty66@example.net,8
951,Ashley Goodman,662.807.3056x55723,xhernandez@example.net,12
952,Brian Mendoza,444-296-8180,christopher39@example.com,1
953,Mark Jordan,492.299.3306,shawn72@example.org,18
954,Peter Mosley,001-215-522-6357,harringtonkimberly@example.net,4
955,Johnny Jones,236-216-7101,william24@example.com,15
956,Denise Perez,(500)306-4152x7721,wlee@example.org,8
957,Preston Green,775.497.5573x8170,npowell@example.org,12
958,Tony Williams,001-506-987-5558x380,whitepatricia@example.net,15
959,Katherine Ellis,001-356-546-6006x89523,sandrali@example.com,7
960,Timothy Ferguson,001-350-715-5957x8110,elizabeth94@example.com,8
961,Nicole Bowman,202.619.9948,roger62@example.com,7
962,Johnny Miller,+1-258-242-7419x80904,justin80@example.com,10
963,Mr. Eric Mendez DDS,(388)447-6819,carlos69@example.org,12
964,Robert Crosby,4959261192,sethpruitt@example.org,10
965,Cynthia Scott,5276294068,haneymargaret@example.net,13
966,David Nguyen,001-308-628-8352x86871,rodriguezjessica@example.org,19
967,Dustin Golden,001-298-840-4616,stanley61@example.net,12
968,Krista Lang,230-825-3828x91673,christine54@example.net,15
969,Adam Sweeney,+1-726-797-5620,xzimmerman@example.org,2
970,Brandon Evans,735-736-1780x8917,baxterdavid@example.org,11
971,Mark Taylor,(711)871-9859,linda64@example.net,6
972,Chad Giles,001-440-516-3839x74398,garzapatrick@example.com,13
973,Jennifer Hall,526.339.4866,andrewgibson@example.org,15
974,Brittney Cook,+1-882-703-3345x63358,brandon50@example.net,8
975,Brandon Taylor,+1-450-329-5171x7152,psmall@example.net,3
976,David Kelly,(853)403-0038x968,alvarezandrea@example.com,1
977,Susan Morgan,+1-505-310-4095,hallholly@example.com,18
978,Michael Hill,(922)842-2321,doyleandrea@example.com,19
979,Michael Martinez,(481)268-5626x60207,taylorjacqueline@example.org,16
980,Alex Smith,8115619826,wendy68@example.net,3
981,Bradley Guerrero,523-688-4735,dmccall@example.com,6
982,John Barrett,001-626-654-5782,oturner@example.com,12
983,Nathaniel Meyers,(532)872-8213,combsjasmine@example.net,5
984,Kristen Hernandez MD,(957)318-0075,michaelpatterson@example.com,14
985,Kristina Nichols,001-355-475-8489x47184,jeremy42@example.com,19
986,Sierra Vaughan,599-599-0263,fberry@example.com,14
987,Daniel Peters,+1-681-992-7506x9197,mgonzalez@example.net,18
988,Lisa Patrick,+1-228-847-0655x442,kyle10@example.com,16
989,Tammy Garner,+1-919-525-2691x3422,vtran@example.com,6
990,Deanna Hernandez,765-384-4574x9912,stewartdeborah@example.net,14
991,Angela Myers MD,(787)676-8899x952,bobby63@example.org,9
992,Diane Carter,905-549-6194x6682,erikgoodman@example.org,13
993,Kayla Parks,(392)815-6417x9948,crosbywilliam@example.org,13
994,Lindsay Burke,994-881-3828x4531,jessica32@example.org,19
995,Cassandra Mueller,752-605-4172,wendyjohnson@example.net,14
996,Heather Miller,(908)378-3129x7817,karen53@example.net,7
997,Brittany Richardson,417.977.9923x2999,veronicapalmer@example.com,13
998,Allison Young,4366517460,wkramer@example.org,16
999,Sheri Davila,(998)356-4003x718,mdaniel@example.net,12
1000,Bobby Rivera,9142655832,rodriguezbrent@example.com,2
