TransactionID,LoanID,TransactionDate,TransactionType
1,148,2024-01-17,Principal Payment
2,200,2024-03-01,Interest Payment
3,412,2023-11-26,Interest Payment
4,300,2023-11-29,Interest Payment
5,33,2022-02-17,Loan Payment
6,609,2023-10-11,Principal Payment
7,507,2024-01-09,Interest Payment
8,439,2020-08-01,Interest Payment
9,965,2023-09-03,Principal Payment
10,490,2021-05-10,Interest Payment
11,999,2022-03-24,Principal Payment
12,213,2024-01-09,Loan Payment
13,526,2021-05-15,Principal Payment
14,602,2024-09-05,Principal Payment
15,901,2023-04-12,Loan Payment
16,867,2020-03-13,Principal Payment
17,868,2023-11-25,Principal Payment
18,966,2024-08-23,Interest Payment
19,114,2024-09-13,Loan Payment
20,71,2020-07-01,Interest Payment
21,57,2023-01-11,Interest Payment
22,527,2023-11-25,Principal Payment
23,438,2024-06-19,Loan Payment
24,330,2021-01-21,Loan Payment
25,3,2022-12-07,Interest Payment
26,669,2021-04-14,Principal Payment
27,76,2024-06-03,Principal Payment
28,984,2022-07-27,Principal Payment
29,553,2024-05-20,Loan Payment
30,390,2024-05-15,Principal Payment
31,576,2024-09-12,Interest Payment
32,32,2023-06-04,Interest Payment
33,561,2024-07-25,Principal Payment
34,768,2023-02-15,Principal Payment
35,786,2024-07-06,Loan Payment
36,343,2024-03-13,Loan Payment
37,151,2021-06-23,Interest Payment
38,433,2023-03-22,Loan Payment
39,326,2021-06-18,Principal Payment
40,249,2024-01-10,Interest Payment
41,352,2024-09-19,Loan Payment
42,428,2024-07-28,Interest Payment
43,204,2024-09-20,Principal Payment
44,781,2024-09-27,Principal Payment
45,518,2023-07-01,Loan Payment
46,271,2023-06-08,Loan Payment
47,207,2023-09-23,Principal Payment
48,706,2024-08-23,Loan Payment
49,834,2021-08-30,Loan Payment
50,618,2023-05-29,Interest Payment
51,500,2022-09-21,Principal Payment
52,46,2024-07-25,Interest Payment
53,311,2022-05-14,Interest Payment
54,74,2022-10-08,Loan Payment
55,847,2022-08-07,Interest Payment
56,827,2022-06-05,Loan Payment
57,903,2024-06-21,Interest Payment
58,439,2024-03-26,Principal Payment
59,361,2024-02-08,Principal Payment
60,919,2024-01-18,Principal Payment
61,664,2023-03-11,Loan Payment
62,877,2024-06-18,Principal Payment
63,507,2021-01-10,Loan Payment
64,139,2023-12-24,Interest Payment
65,12,2021-06-20,Principal Payment
66,203,2023-01-29,Principal Payment
67,891,2024-09-08,Loan Payment
68,409,2022-07-04,Interest Payment
69,22,2024-09-18,Loan Payment
70,608,2024-07-26,Loan Payment
71,471,2021-10-31,Interest Payment
72,666,2020-09-23,Loan Payment
73,608,2024-01-04,Loan Payment
74,46,2022-02-06,Interest Payment
75,449,2023-05-14,Loan Payment
76,874,2022-07-01,Interest Payment
77,114,2021-05-30,Principal Payment
78,308,2023-03-09,Interest Payment
79,66,2023-12-12,Principal Payment
80,886,2024-03-23,Loan Payment
81,420,2024-09-28,Interest Payment
82,176,2024-02-25,Principal Payment
83,704,2023-08-11,Interest Payment
84,111,2023-08-31,Principal Payment
85,253,2021-01-01,Interest Payment
86,639,2023-12-17,Loan Payment
87,471,2023-10-11,Loan Payment
88,611,2024-06-14,Interest Payment
89,223,2024-06-23,Loan Payment
90,515,2023-08-23,Principal Payment
91,956,2022-06-20,Principal Payment
92,407,2024-09-22,Interest Payment
93,386,2022-11-02,Loan Payment
94,35,2024-02-03,Interest Payment
95,995,2023-07-11,Interest Payment
96,147,2024-04-01,Interest Payment
97,509,2024-07-30,Interest Payment
98,946,2024-08-10,Interest Payment
99,741,2022-06-03,Principal Payment
100,31,2024-10-05,Loan Payment
101,224,2022-07-30,Principal Payment
102,289,2022-10-17,Loan Payment
103,97,2021-01-06,Principal Payment
104,516,2023-06-05,Interest Payment
105,1,2023-04-26,Loan Payment
106,28,2023-10-30,Principal Payment
107,691,2024-08-29,Principal Payment
108,701,2023-12-07,Interest Payment
109,73,2023-04-20,Loan Payment
110,742,2024-05-11,Interest Payment
111,742,2024-01-17,Loan Payment
112,716,2024-04-29,Loan Payment
113,1000,2024-04-05,Principal Payment
114,591,2024-02-25,Principal Payment
115,703,2022-01-15,Loan Payment
116,77,2022-06-16,Loan Payment
117,83,2024-07-08,Loan Payment
118,228,2024-10-06,Interest Payment
119,383,2024-02-04,Loan Payment
120,741,2023-11-20,Principal Payment
121,207,2022-03-20,Interest Payment
122,224,2024-02-13,Principal Payment
123,684,2021-10-20,Principal Payment
124,559,2023-11-05,Loan Payment
125,625,2024-09-30,Interest Payment
126,832,2023-08-01,Loan Payment
127,437,2021-07-20,Loan Payment
128,485,2022-01-07,Loan Payment
129,752,2024-08-04,Loan Payment
130,883,2021-12-18,Principal Payment
131,742,2022-08-08,Principal Payment
132,210,2021-09-14,Principal Payment
133,873,2024-09-30,Principal Payment
134,408,2021-12-01,Principal Payment
135,980,2024-07-18,Principal Payment
136,710,2022-10-26,Loan Payment
137,398,2024-04-30,Interest Payment
138,1,2024-08-28,Loan Payment
139,625,2023-09-30,Loan Payment
140,421,2024-03-26,Interest Payment
141,436,2023-02-20,Principal Payment
142,454,2024-07-25,Principal Payment
143,721,2023-08-19,Principal Payment
144,328,2024-09-12,Principal Payment
145,152,2022-08-24,Principal Payment
146,991,2024-10-04,Principal Payment
147,261,2021-07-06,Principal Payment
148,691,2023-07-31,Principal Payment
149,938,2024-10-05,Principal Payment
150,674,2024-03-10,Loan Payment
151,322,2022-03-10,Loan Payment
152,155,2024-05-13,Interest Payment
153,542,2021-07-16,Loan Payment
154,385,2022-10-10,Loan Payment
155,25,2022-06-28,Loan Payment
156,555,2024-08-16,Loan Payment
157,278,2024-01-12,Principal Payment
158,857,2024-06-08,Principal Payment
159,604,2023-03-19,Loan Payment
160,852,2024-02-04,Loan Payment
161,147,2023-08-13,Interest Payment
162,388,2023-04-11,Interest Payment
163,513,2022-12-28,Interest Payment
164,831,2022-02-17,Interest Payment
165,428,2022-04-29,Interest Payment
166,442,2024-04-11,Principal Payment
167,851,2021-11-01,Interest Payment
168,742,2023-09-13,Interest Payment
169,201,2024-02-11,Loan Payment
170,350,2021-07-21,Loan Payment
171,282,2023-11-15,Loan Payment
172,831,2023-02-06,Loan Payment
173,918,2021-07-30,Interest Payment
174,886,2024-09-14,Loan Payment
175,160,2022-02-28,Interest Payment
176,941,2022-12-28,Interest Payment
177,422,2024-09-13,Interest Payment
178,957,2021-01-25,Interest Payment
179,208,2022-02-12,Principal Payment
180,909,2024-04-01,Interest Payment
181,680,2024-05-01,Principal Payment
182,864,2024-06-28,Loan Payment
183,152,2023-11-19,Loan Payment
184,952,2022-12-01,Interest Payment
185,241,2023-12-30,Principal Payment
186,17,2023-11-02,Loan Payment
187,900,2024-05-23,Interest Payment
188,6,2022-04-11,Loan Payment
189,256,2023-05-10,Principal Payment
190,525,2023-04-05,Principal Payment
191,832,2023-06-10,Loan Payment
192,861,2022-07-16,Principal Payment
193,933,2022-04-13,Interest Payment
194,844,2020-12-09,Loan Payment
195,447,2024-09-18,Interest Payment
196,23,2024-06-22,Principal Payment
197,435,2024-03-19,Interest Payment
198,864,2024-05-13,Principal Payment
199,148,2023-10-18,Principal Payment
200,262,2023-08-11,Interest Payment
201,541,2024-06-30,Interest Payment
202,216,2024-08-08,Principal Payment
203,856,2022-09-09,Principal Payment
204,968,2022-07-11,Loan Payment
205,47,2023-02-05,Loan Payment
206,430,2024-05-22,Principal Payment
207,17,2022-08-04,Interest Payment
208,706,2024-08-21,Loan Payment
209,376,2023-12-06,Interest Payment
210,887,2022-10-08,Principal Payment
211,734,2022-05-17,Loan Payment
212,622,2023-04-20,Principal Payment
213,938,2024-07-27,Principal Payment
214,146,2023-12-29,Interest Payment
215,150,2024-04-03,Principal Payment
216,789,2024-07-11,Interest Payment
217,7,2023-10-28,Loan Payment
218,107,2024-03-24,Interest Payment
219,320,2022-11-17,Interest Payment
220,532,2023-12-23,Principal Payment
221,47,2023-09-14,Loan Payment
222,310,2024-06-21,Interest Payment
223,739,2021-04-06,Principal Payment
224,553,2024-09-30,Interest Payment
225,687,2024-08-23,Principal Payment
226,813,2024-05-30,Interest Payment
227,406,2023-10-12,Interest Payment
228,209,2024-09-05,Loan Payment
229,898,2024-08-11,Loan Payment
230,769,2024-07-27,Principal Payment
231,415,2022-12-20,Interest Payment
232,29,2024-06-21,Principal Payment
233,967,2020-09-24,Principal Payment
234,413,2024-10-09,Principal Payment
235,110,2024-09-15,Loan Payment
236,281,2024-08-21,Principal Payment
237,612,2024-05-28,Principal Payment
238,636,2023-01-22,Loan Payment
239,921,2024-07-08,Interest Payment
240,559,2024-05-08,Loan Payment
241,950,2024-09-07,Principal Payment
242,157,2022-07-17,Interest Payment
243,392,2024-06-06,Principal Payment
244,94,2024-08-12,Loan Payment
245,28,2024-03-21,Principal Payment
246,390,2024-07-10,Principal Payment
247,423,2022-08-04,Loan Payment
248,840,2024-10-09,Loan Payment
249,631,2024-01-07,Interest Payment
250,698,2024-06-27,Principal Payment
251,412,2024-03-28,Principal Payment
252,610,2022-10-12,Interest Payment
253,793,2024-09-20,Loan Payment
254,639,2022-10-10,Interest Payment
255,183,2023-11-03,Interest Payment
256,894,2022-02-02,Interest Payment
257,157,2024-01-08,Principal Payment
258,389,2023-07-06,Interest Payment
259,840,2021-12-04,Loan Payment
260,25,2021-07-27,Principal Payment
261,508,2020-04-16,Principal Payment
262,314,2024-09-16,Interest Payment
263,248,2024-02-02,Principal Payment
264,281,2023-09-20,Principal Payment
265,101,2024-07-03,Interest Payment
266,480,2024-05-19,Principal Payment
267,373,2024-05-03,Principal Payment
268,814,2022-10-10,Loan Payment
269,358,2024-04-27,Principal Payment
270,463,2023-09-29,Interest Payment
271,389,2024-06-15,Interest Payment
272,266,2023-06-07,Principal Payment
273,842,2024-07-08,Interest Payment
274,206,2023-07-24,Loan Payment
275,304,2020-08-09,Principal Payment
276,840,2021-10-31,Principal Payment
277,300,2024-05-18,Loan Payment
278,301,2024-05-06,Interest Payment
279,1000,2024-08-31,Interest Payment
280,517,2021-11-02,Principal Payment
281,610,2023-03-29,Loan Payment
282,553,2024-09-19,Loan Payment
283,903,2022-05-11,Interest Payment
284,123,2022-10-03,Principal Payment
285,541,2022-05-26,Loan Payment
286,88,2024-06-11,Principal Payment
287,66,2024-03-20,Interest Payment
288,610,2024-04-20,Loan Payment
289,121,2024-07-20,Loan Payment
290,828,2024-08-01,Principal Payment
291,368,2023-11-02,Loan Payment
292,62,2024-10-02,Principal Payment
293,787,2024-06-08,Interest Payment
294,290,2024-03-18,Interest Payment
295,923,2024-05-31,Loan Payment
296,948,2023-11-15,Loan Payment
297,352,2023-08-21,Principal Payment
298,435,2024-07-21,Principal Payment
299,435,2021-10-18,Loan Payment
300,311,2022-03-20,Interest Payment
301,355,2023-12-21,Principal Payment
302,450,2022-11-10,Loan Payment
303,408,2024-01-09,Loan Payment
304,308,2020-09-20,Principal Payment
305,941,2023-02-06,Principal Payment
306,424,2023-03-12,Loan Payment
307,86,2023-05-01,Interest Payment
308,580,2021-04-12,Loan Payment
309,140,2023-11-07,Interest Payment
310,613,2023-12-14,Principal Payment
311,871,2024-03-13,Loan Payment
312,461,2022-05-24,Loan Payment
313,883,2023-06-27,Interest Payment
314,630,2021-03-24,Interest Payment
315,873,2021-07-22,Principal Payment
316,31,2024-08-24,Principal Payment
317,735,2022-12-17,Interest Payment
318,983,2023-01-17,Principal Payment
319,774,2024-03-28,Loan Payment
320,422,2023-05-06,Interest Payment
321,262,2024-02-05,Principal Payment
322,193,2024-10-08,Loan Payment
323,923,2024-08-19,Principal Payment
324,164,2022-07-26,Interest Payment
325,146,2022-06-16,Principal Payment
326,966,2024-08-16,Loan Payment
327,857,2024-08-30,Principal Payment
328,219,2024-08-13,Interest Payment
329,214,2022-10-20,Interest Payment
330,315,2024-04-13,Interest Payment
331,742,2022-08-18,Loan Payment
332,547,2023-05-12,Loan Payment
333,815,2024-05-23,Principal Payment
334,979,2023-07-12,Interest Payment
335,863,2022-06-18,Principal Payment
336,321,2024-05-11,Principal Payment
337,844,2022-06-15,Principal Payment
338,219,2024-07-24,Interest Payment
339,468,2024-10-03,Loan Payment
340,481,2024-08-12,Interest Payment
341,615,2024-01-25,Loan Payment
342,265,2023-06-03,Loan Payment
343,962,2024-05-30,Loan Payment
344,871,2024-02-19,Principal Payment
345,818,2021-03-02,Principal Payment
346,304,2023-10-17,Interest Payment
347,309,2024-05-26,Principal Payment
348,409,2024-05-28,Interest Payment
349,972,2021-09-27,Interest Payment
350,237,2024-09-14,Principal Payment
351,937,2024-03-14,Principal Payment
352,446,2023-02-25,Interest Payment
353,219,2022-10-29,Loan Payment
354,639,2023-08-01,Principal Payment
355,304,2024-03-19,Interest Payment
356,809,2023-08-20,Interest Payment
357,743,2024-07-24,Interest Payment
358,968,2024-07-03,Principal Payment
359,386,2022-01-14,Loan Payment
360,355,2024-01-15,Principal Payment
361,898,2024-08-16,Principal Payment
362,68,2024-05-03,Principal Payment
363,606,2024-05-14,Principal Payment
364,766,2024-09-14,Interest Payment
365,66,2023-04-30,Interest Payment
366,772,2023-10-04,Principal Payment
367,139,2022-11-12,Interest Payment
368,10,2023-06-27,Principal Payment
369,253,2022-12-22,Interest Payment
370,333,2023-02-08,Interest Payment
371,296,2024-07-05,Principal Payment
372,848,2024-08-29,Principal Payment
373,195,2024-04-09,Interest Payment
374,346,2024-04-06,Interest Payment
375,148,2024-09-20,Loan Payment
376,262,2024-10-07,Interest Payment
377,103,2023-06-30,Loan Payment
378,131,2024-03-16,Loan Payment
379,477,2023-10-21,Principal Payment
380,847,2023-12-30,Loan Payment
381,341,2022-02-10,Interest Payment
382,832,2024-03-31,Principal Payment
383,352,2024-04-20,Loan Payment
384,278,2021-08-02,Interest Payment
385,930,2023-06-27,Principal Payment
386,682,2023-11-20,Loan Payment
387,785,2024-07-19,Loan Payment
388,364,2024-09-08,Principal Payment
389,56,2024-02-20,Interest Payment
390,322,2023-09-09,Interest Payment
391,916,2022-09-01,Interest Payment
392,805,2021-01-07,Loan Payment
393,706,2022-08-25,Principal Payment
394,849,2023-07-26,Loan Payment
395,739,2024-04-16,Interest Payment
396,43,2024-09-30,Loan Payment
397,107,2021-05-02,Loan Payment
398,859,2024-04-20,Loan Payment
399,921,2022-10-25,Interest Payment
400,396,2024-10-04,Loan Payment
401,19,2023-06-06,Loan Payment
402,23,2022-06-10,Loan Payment
403,603,2023-10-22,Loan Payment
404,763,2021-11-13,Principal Payment
405,758,2022-12-27,Loan Payment
406,339,2023-08-22,Principal Payment
407,323,2023-07-21,Interest Payment
408,221,2024-06-16,Interest Payment
409,301,2024-08-28,Loan Payment
410,26,2023-07-01,Loan Payment
411,110,2024-05-21,Loan Payment
412,595,2024-05-21,Loan Payment
413,718,2024-08-18,Loan Payment
414,828,2021-01-23,Principal Payment
415,284,2022-11-17,Principal Payment
416,538,2024-07-21,Principal Payment
417,678,2022-11-15,Interest Payment
418,21,2023-08-21,Principal Payment
419,334,2022-09-20,Loan Payment
420,52,2023-07-05,Loan Payment
421,516,2023-05-30,Principal Payment
422,887,2024-07-17,Interest Payment
423,240,2023-12-23,Loan Payment
424,793,2022-10-19,Interest Payment
425,11,2022-11-13,Interest Payment
426,173,2022-06-20,Principal Payment
427,467,2024-06-09,Interest Payment
428,639,2024-05-03,Principal Payment
429,198,2023-11-25,Loan Payment
430,661,2020-12-18,Principal Payment
431,563,2023-08-07,Loan Payment
432,478,2022-03-01,Interest Payment
433,315,2023-08-25,Interest Payment
434,95,2021-04-25,Loan Payment
435,851,2022-09-21,Interest Payment
436,605,2024-06-26,Loan Payment
437,192,2024-09-06,Principal Payment
438,42,2024-04-05,Interest Payment
439,465,2024-02-19,Principal Payment
440,383,2022-11-23,Principal Payment
441,216,2024-05-26,Principal Payment
442,543,2021-12-14,Principal Payment
443,515,2022-12-17,Interest Payment
444,479,2024-05-01,Loan Payment
445,770,2022-01-03,Principal Payment
446,490,2022-09-11,Interest Payment
447,184,2023-11-30,Loan Payment
448,548,2024-07-27,Loan Payment
449,868,2024-08-26,Loan Payment
450,422,2022-06-29,Loan Payment
451,855,2024-10-04,Principal Payment
452,850,2021-07-08,Principal Payment
453,763,2024-09-27,Principal Payment
454,605,2024-05-27,Interest Payment
455,425,2021-12-27,Loan Payment
456,521,2023-11-23,Interest Payment
457,99,2024-08-13,Principal Payment
458,582,2024-06-04,Loan Payment
459,751,2022-06-11,Loan Payment
460,125,2023-10-29,Loan Payment
461,124,2024-01-08,Loan Payment
462,247,2024-08-28,Loan Payment
463,541,2024-07-18,Interest Payment
464,900,2024-04-26,Principal Payment
465,210,2024-09-24,Loan Payment
466,112,2021-10-08,Loan Payment
467,703,2023-07-17,Principal Payment
468,540,2023-01-19,Loan Payment
469,27,2023-07-13,Principal Payment
470,633,2024-03-02,Interest Payment
471,50,2020-09-14,Loan Payment
472,371,2021-03-12,Principal Payment
473,489,2021-10-18,Interest Payment
474,445,2024-02-25,Principal Payment
475,531,2023-05-12,Loan Payment
476,321,2024-02-23,Loan Payment
477,102,2022-01-17,Principal Payment
478,593,2024-03-21,Loan Payment
479,576,2021-08-27,Loan Payment
480,788,2020-12-09,Loan Payment
481,113,2024-08-31,Interest Payment
482,859,2024-09-22,Loan Payment
483,23,2023-07-15,Interest Payment
484,988,2024-07-25,Principal Payment
485,614,2024-03-02,Interest Payment
486,132,2024-03-28,Interest Payment
487,433,2023-03-31,Loan Payment
488,885,2023-06-02,Interest Payment
489,853,2023-03-08,Loan Payment
490,401,2024-01-21,Principal Payment
491,217,2024-07-15,Principal Payment
492,516,2024-01-15,Loan Payment
493,896,2023-09-26,Loan Payment
494,802,2024-08-08,Loan Payment
495,238,2023-04-18,Principal Payment
496,959,2022-11-24,Principal Payment
497,990,2023-03-31,Loan Payment
498,841,2024-01-29,Loan Payment
499,377,2022-12-13,Principal Payment
500,651,2023-11-17,Loan Payment
501,472,2022-08-30,Principal Payment
502,306,2024-04-18,Principal Payment
503,265,2024-06-20,Principal Payment
504,554,2023-09-29,Principal Payment
505,409,2024-07-26,Principal Payment
506,654,2024-08-26,Principal Payment
507,831,2024-01-28,Interest Payment
508,745,2022-06-05,Principal Payment
509,434,2022-01-15,Interest Payment
510,952,2023-05-08,Loan Payment
511,711,2022-05-08,Principal Payment
512,38,2024-01-01,Loan Payment
513,419,2022-04-11,Loan Payment
514,412,2024-08-20,Principal Payment
515,858,2024-10-04,Loan Payment
516,137,2024-06-10,Loan Payment
517,659,2023-02-25,Interest Payment
518,881,2024-04-12,Interest Payment
519,882,2024-09-13,Principal Payment
520,919,2021-06-18,Principal Payment
521,48,2023-10-30,Principal Payment
522,85,2023-11-15,Interest Payment
523,696,2024-05-01,Loan Payment
524,923,2023-11-05,Loan Payment
525,811,2021-11-24,Interest Payment
526,281,2023-07-30,Loan Payment
527,717,2023-08-25,Principal Payment
528,179,2023-06-10,Interest Payment
529,69,2024-09-11,Interest Payment
530,47,2023-09-20,Loan Payment
531,918,2024-03-02,Principal Payment
532,480,2024-09-04,Interest Payment
533,12,2024-07-29,Principal Payment
534,71,2023-02-18,Interest Payment
535,339,2024-09-08,Loan Payment
536,985,2024-03-20,Loan Payment
537,862,2023-09-14,Principal Payment
538,659,2021-03-16,Interest Payment
539,309,2024-08-29,Loan Payment
540,695,2023-05-16,Principal Payment
541,928,2020-08-17,Loan Payment
542,531,2022-10-18,Interest Payment
543,703,2024-03-15,Principal Payment
544,928,2022-03-22,Interest Payment
545,400,2022-11-30,Loan Payment
546,88,2023-08-01,Loan Payment
547,723,2024-05-17,Loan Payment
548,571,2024-08-23,Interest Payment
549,74,2022-08-07,Principal Payment
550,216,2024-05-13,Interest Payment
551,442,2023-06-17,Principal Payment
552,537,2023-12-18,Principal Payment
553,12,2024-10-05,Interest Payment
554,879,2023-07-03,Interest Payment
555,330,2022-11-24,Interest Payment
556,309,2024-09-20,Principal Payment
557,306,2024-09-23,Principal Payment
558,94,2023-03-12,Principal Payment
559,394,2024-07-07,Principal Payment
560,685,2022-12-29,Principal Payment
561,504,2023-09-14,Principal Payment
562,111,2023-12-15,Loan Payment
563,936,2024-02-15,Loan Payment
564,190,2024-10-05,Interest Payment
565,720,2023-06-14,Interest Payment
566,717,2022-11-03,Interest Payment
567,670,2022-08-24,Loan Payment
568,615,2024-09-12,Principal Payment
569,768,2021-12-05,Principal Payment
570,917,2024-02-01,Principal Payment
571,888,2021-11-07,Loan Payment
572,158,2024-06-06,Interest Payment
573,70,2023-02-09,Interest Payment
574,593,2024-10-09,Interest Payment
575,271,2021-07-07,Loan Payment
576,747,2023-03-22,Loan Payment
577,923,2023-07-10,Principal Payment
578,669,2021-02-16,Interest Payment
579,347,2024-06-19,Loan Payment
580,766,2024-07-19,Principal Payment
581,586,2024-04-17,Loan Payment
582,217,2021-01-18,Principal Payment
583,510,2022-05-24,Principal Payment
584,119,2024-01-28,Loan Payment
585,36,2022-03-27,Loan Payment
586,75,2024-08-28,Loan Payment
587,219,2023-11-14,Loan Payment
588,812,2023-08-25,Loan Payment
589,468,2024-02-24,Interest Payment
590,678,2024-01-17,Principal Payment
591,584,2023-12-04,Interest Payment
592,559,2023-05-03,Loan Payment
593,792,2023-05-15,Loan Payment
594,823,2022-02-22,Interest Payment
595,945,2024-08-22,Loan Payment
596,684,2023-10-29,Interest Payment
597,518,2024-02-07,Principal Payment
598,344,2020-09-12,Loan Payment
599,805,2024-01-22,Loan Payment
600,706,2024-08-11,Interest Payment
601,244,2020-12-11,Principal Payment
602,860,2024-08-19,Interest Payment
603,540,2023-09-05,Principal Payment
604,719,2022-06-06,Interest Payment
605,420,2021-12-12,Interest Payment
606,685,2024-07-09,Principal Payment
607,683,2024-02-24,Interest Payment
608,398,2023-04-09,Interest Payment
609,605,2024-08-22,Principal Payment
610,337,2023-09-07,Loan Payment
611,657,2022-02-05,Loan Payment
612,584,2024-09-29,Loan Payment
613,449,2022-01-30,Loan Payment
614,595,2024-10-09,Interest Payment
615,30,2024-07-28,Loan Payment
616,6,2024-09-10,Loan Payment
617,991,2024-06-03,Principal Payment
618,359,2022-06-24,Interest Payment
619,858,2022-09-01,Principal Payment
620,241,2024-09-17,Interest Payment
621,783,2024-09-16,Principal Payment
622,498,2023-06-06,Loan Payment
623,314,2024-02-14,Principal Payment
624,566,2024-09-07,Loan Payment
625,541,2022-12-07,Interest Payment
626,305,2023-05-03,Interest Payment
627,705,2023-09-25,Loan Payment
628,50,2024-04-09,Interest Payment
629,334,2023-08-17,Interest Payment
630,621,2024-07-18,Loan Payment
631,401,2023-11-11,Principal Payment
632,851,2023-05-05,Interest Payment
633,559,2022-07-19,Loan Payment
634,619,2024-02-22,Principal Payment
635,848,2024-09-26,Loan Payment
636,786,2024-01-24,Interest Payment
637,246,2024-07-28,Interest Payment
638,560,2024-07-16,Loan Payment
639,357,2024-09-01,Principal Payment
640,718,2020-01-20,Loan Payment
641,877,2022-03-25,Loan Payment
642,538,2024-02-01,Loan Payment
643,907,2024-09-09,Principal Payment
644,308,2022-08-10,Interest Payment
645,799,2021-10-02,Principal Payment
646,10,2024-03-05,Loan Payment
647,307,2023-05-23,Loan Payment
648,225,2024-05-27,Interest Payment
649,900,2024-09-01,Loan Payment
650,16,2023-08-31,Loan Payment
651,975,2021-05-19,Principal Payment
652,192,2021-06-03,Principal Payment
653,453,2023-08-01,Interest Payment
654,211,2024-05-29,Loan Payment
655,132,2023-10-26,Interest Payment
656,733,2023-10-06,Loan Payment
657,502,2024-07-29,Principal Payment
658,853,2021-12-23,Interest Payment
659,948,2023-08-31,Interest Payment
660,848,2022-04-29,Loan Payment
661,76,2024-09-01,Principal Payment
662,329,2024-01-27,Principal Payment
663,84,2024-07-18,Interest Payment
664,395,2024-08-21,Interest Payment
665,193,2024-02-16,Principal Payment
666,12,2024-07-12,Interest Payment
667,775,2022-07-25,Principal Payment
668,79,2024-08-25,Principal Payment
669,655,2023-10-06,Loan Payment
670,687,2022-06-14,Principal Payment
671,27,2022-11-28,Principal Payment
672,287,2023-05-26,Interest Payment
673,729,2020-08-04,Interest Payment
674,942,2023-12-09,Interest Payment
675,750,2024-05-09,Interest Payment
676,149,2023-03-08,Loan Payment
677,319,2024-02-03,Interest Payment
678,287,2021-01-04,Principal Payment
679,224,2024-10-10,Principal Payment
680,990,2024-09-10,Principal Payment
681,590,2024-05-20,Loan Payment
682,798,2023-08-06,Interest Payment
683,235,2023-11-19,Loan Payment
684,915,2023-11-23,Interest Payment
685,869,2024-07-13,Interest Payment
686,589,2022-04-03,Interest Payment
687,325,2023-07-31,Principal Payment
688,705,2023-12-27,Interest Payment
689,229,2024-09-27,Principal Payment
690,741,2023-12-06,Principal Payment
691,681,2022-09-01,Principal Payment
692,342,2024-04-26,Loan Payment
693,396,2022-03-29,Loan Payment
694,678,2024-09-28,Principal Payment
695,619,2024-08-23,Principal Payment
696,727,2023-12-13,Interest Payment
697,979,2024-07-22,Interest Payment
698,893,2024-05-01,Interest Payment
699,67,2023-09-27,Interest Payment
700,731,2023-02-18,Principal Payment
701,286,2023-02-11,Loan Payment
702,982,2021-11-18,Loan Payment
703,311,2023-10-26,Loan Payment
704,85,2021-02-13,Interest Payment
705,631,2024-04-04,Principal Payment
706,662,2024-03-06,Principal Payment
707,327,2023-03-06,Interest Payment
708,876,2023-11-27,Principal Payment
709,951,2024-03-17,Loan Payment
710,420,2023-01-19,Interest Payment
711,8,2022-05-08,Principal Payment
712,376,2024-08-13,Loan Payment
713,722,2023-04-01,Interest Payment
714,822,2023-03-05,Loan Payment
715,290,2024-05-22,Principal Payment
716,431,2023-01-04,Principal Payment
717,271,2024-08-02,Loan Payment
718,81,2022-01-25,Interest Payment
719,198,2024-06-27,Principal Payment
720,719,2022-12-18,Interest Payment
721,876,2024-09-21,Principal Payment
722,281,2023-08-01,Interest Payment
723,9,2024-10-10,Loan Payment
724,816,2024-09-18,Interest Payment
725,100,2024-07-30,Principal Payment
726,613,2024-08-21,Interest Payment
727,776,2024-03-27,Interest Payment
728,151,2023-11-04,Principal Payment
729,49,2024-01-20,Interest Payment
730,751,2024-09-29,Interest Payment
731,490,2024-02-25,Interest Payment
732,764,2022-07-14,Interest Payment
733,767,2024-04-27,Interest Payment
734,392,2023-12-21,Interest Payment
735,963,2020-12-03,Interest Payment
736,540,2021-06-03,Loan Payment
737,158,2023-03-24,Interest Payment
738,543,2022-01-26,Interest Payment
739,55,2024-08-20,Principal Payment
740,953,2022-05-22,Interest Payment
741,250,2023-08-20,Loan Payment
742,477,2022-05-18,Principal Payment
743,350,2023-08-22,Interest Payment
744,535,2023-07-31,Principal Payment
745,853,2023-11-07,Loan Payment
746,253,2023-09-27,Loan Payment
747,930,2023-09-28,Loan Payment
748,563,2024-04-29,Principal Payment
749,499,2024-09-23,Principal Payment
750,748,2024-02-22,Principal Payment
751,816,2024-05-21,Principal Payment
752,600,2024-08-12,Interest Payment
753,816,2022-08-01,Interest Payment
754,301,2023-04-18,Interest Payment
755,940,2023-05-24,Principal Payment
756,81,2024-04-08,Interest Payment
757,575,2021-08-24,Loan Payment
758,756,2024-04-21,Loan Payment
759,740,2024-09-29,Principal Payment
760,699,2023-05-04,Interest Payment
761,562,2023-01-28,Interest Payment
762,908,2023-07-28,Interest Payment
763,502,2022-07-01,Principal Payment
764,943,2022-05-15,Principal Payment
765,119,2024-06-25,Interest Payment
766,232,2024-10-06,Interest Payment
767,479,2022-03-27,Loan Payment
768,834,2023-09-19,Loan Payment
769,756,2022-03-31,Principal Payment
770,717,2023-06-12,Interest Payment
771,432,2024-05-04,Loan Payment
772,58,2023-04-11,Principal Payment
773,45,2023-06-22,Interest Payment
774,577,2023-05-15,Interest Payment
775,453,2023-10-01,Interest Payment
776,333,2023-06-10,Interest Payment
777,69,2021-11-14,Loan Payment
778,447,2024-04-12,Loan Payment
779,346,2024-07-27,Loan Payment
780,640,2023-12-22,Interest Payment
781,934,2023-06-17,Interest Payment
782,556,2023-09-09,Interest Payment
783,82,2022-09-18,Principal Payment
784,272,2021-10-14,Principal Payment
785,711,2024-08-16,Interest Payment
786,820,2023-08-20,Interest Payment
787,728,2024-08-03,Loan Payment
788,507,2024-03-16,Interest Payment
789,468,2024-09-20,Principal Payment
790,189,2022-04-24,Loan Payment
791,383,2022-11-06,Interest Payment
792,987,2022-12-31,Interest Payment
793,778,2021-08-19,Principal Payment
794,766,2024-05-17,Interest Payment
795,920,2024-08-04,Loan Payment
796,57,2024-09-12,Interest Payment
797,728,2023-06-16,Interest Payment
798,370,2023-10-09,Loan Payment
799,185,2024-05-17,Interest Payment
800,90,2022-03-03,Loan Payment
801,616,2023-06-27,Interest Payment
802,986,2024-08-28,Principal Payment
803,483,2022-10-18,Interest Payment
804,510,2024-09-21,Interest Payment
805,166,2024-08-13,Principal Payment
806,603,2024-02-17,Loan Payment
807,524,2021-03-29,Interest Payment
808,957,2020-05-10,Loan Payment
809,624,2023-09-05,Interest Payment
810,431,2023-09-21,Principal Payment
811,486,2023-02-01,Principal Payment
812,601,2024-06-03,Principal Payment
813,676,2022-04-07,Interest Payment
814,110,2024-09-17,Principal Payment
815,499,2024-03-31,Loan Payment
816,588,2021-11-24,Loan Payment
817,281,2023-12-25,Principal Payment
818,718,2024-01-01,Principal Payment
819,377,2023-07-27,Interest Payment
820,499,2024-08-29,Interest Payment
821,515,2023-06-11,Loan Payment
822,91,2024-06-24,Interest Payment
823,280,2023-02-17,Interest Payment
824,339,2024-02-22,Principal Payment
825,100,2024-08-09,Interest Payment
826,40,2024-01-03,Loan Payment
827,961,2024-03-29,Interest Payment
828,553,2024-03-19,Principal Payment
829,384,2024-01-02,Loan Payment
830,677,2021-06-30,Loan Payment
831,101,2024-10-06,Interest Payment
832,303,2021-01-23,Principal Payment
833,188,2024-02-29,Loan Payment
834,73,2024-09-26,Interest Payment
835,240,2024-07-08,Loan Payment
836,967,2024-05-27,Loan Payment
837,865,2023-06-15,Interest Payment
838,768,2021-01-29,Principal Payment
839,170,2024-08-03,Interest Payment
840,82,2022-03-05,Loan Payment
841,585,2023-07-28,Principal Payment
842,376,2022-08-03,Interest Payment
843,203,2023-08-31,Loan Payment
844,856,2022-07-12,Loan Payment
845,201,2020-12-30,Principal Payment
846,286,2023-11-13,Principal Payment
847,268,2024-05-05,Principal Payment
848,492,2022-05-21,Principal Payment
849,697,2024-01-04,Principal Payment
850,496,2024-08-16,Interest Payment
851,805,2024-06-14,Loan Payment
852,105,2023-10-04,Interest Payment
853,908,2023-04-08,Loan Payment
854,261,2021-12-23,Loan Payment
855,645,2021-12-02,Loan Payment
856,859,2022-03-20,Interest Payment
857,872,2023-04-13,Principal Payment
858,81,2024-05-18,Interest Payment
859,523,2023-11-18,Loan Payment
860,473,2022-01-14,Loan Payment
861,351,2024-07-06,Interest Payment
862,429,2024-01-09,Principal Payment
863,953,2023-12-03,Loan Payment
864,117,2024-09-14,Principal Payment
865,758,2024-09-05,Principal Payment
866,884,2022-08-30,Interest Payment
867,383,2024-09-11,Interest Payment
868,41,2022-04-03,Interest Payment
869,363,2024-03-29,Interest Payment
870,799,2024-01-03,Principal Payment
871,705,2023-11-19,Interest Payment
872,446,2024-06-27,Principal Payment
873,166,2021-08-15,Interest Payment
874,328,2024-07-04,Loan Payment
875,120,2024-05-03,Loan Payment
876,862,2024-10-10,Loan Payment
877,757,2020-09-13,Interest Payment
878,432,2023-08-03,Interest Payment
879,543,2022-05-23,Loan Payment
880,548,2023-07-30,Interest Payment
881,255,2024-06-10,Principal Payment
882,948,2023-07-02,Loan Payment
883,60,2024-09-21,Loan Payment
884,32,2022-12-11,Loan Payment
885,870,2024-07-04,Interest Payment
886,320,2024-09-13,Principal Payment
887,876,2020-11-23,Principal Payment
888,998,2022-12-20,Principal Payment
889,115,2022-04-15,Interest Payment
890,249,2024-10-01,Loan Payment
891,240,2024-05-23,Interest Payment
892,787,2024-09-30,Interest Payment
893,376,2023-09-08,Interest Payment
894,942,2023-11-15,Principal Payment
895,330,2022-07-21,Principal Payment
896,463,2021-07-30,Interest Payment
897,433,2021-09-22,Interest Payment
898,209,2022-01-03,Interest Payment
899,987,2023-11-09,Principal Payment
900,747,2023-11-07,Interest Payment
901,37,2024-05-06,Loan Payment
902,669,2022-11-13,Loan Payment
903,825,2023-06-16,Principal Payment
904,980,2023-11-21,Loan Payment
905,855,2023-07-08,Principal Payment
906,878,2021-02-08,Principal Payment
907,155,2022-09-26,Loan Payment
908,909,2022-01-19,Loan Payment
909,834,2024-06-25,Loan Payment
910,68,2022-05-15,Loan Payment
911,673,2021-04-21,Interest Payment
912,145,2022-09-25,Interest Payment
913,819,2024-09-29,Loan Payment
914,735,2024-03-20,Loan Payment
915,641,2023-03-11,Principal Payment
916,363,2024-09-10,Interest Payment
917,972,2022-07-15,Interest Payment
918,185,2022-12-19,Principal Payment
919,745,2024-09-28,Principal Payment
920,744,2023-10-16,Loan Payment
921,392,2024-07-06,Principal Payment
922,271,2024-08-14,Principal Payment
923,219,2024-07-04,Principal Payment
924,702,2024-08-14,Interest Payment
925,520,2024-09-22,Interest Payment
926,183,2023-06-14,Interest Payment
927,530,2022-07-29,Interest Payment
928,933,2024-08-07,Interest Payment
929,408,2024-06-01,Principal Payment
930,733,2022-10-28,Interest Payment
931,149,2024-09-06,Loan Payment
932,815,2024-06-16,Loan Payment
933,817,2024-09-18,Loan Payment
934,373,2023-12-15,Principal Payment
935,171,2024-07-22,Interest Payment
936,958,2024-08-27,Principal Payment
937,137,2024-05-29,Loan Payment
938,412,2021-07-03,Interest Payment
939,709,2023-07-11,Interest Payment
940,505,2024-10-03,Interest Payment
941,430,2022-11-18,Loan Payment
942,630,2022-07-06,Loan Payment
943,316,2023-04-11,Loan Payment
944,404,2024-08-19,Interest Payment
945,159,2023-10-18,Principal Payment
946,996,2024-05-24,Interest Payment
947,472,2021-11-25,Loan Payment
948,557,2024-07-31,Interest Payment
949,871,2024-09-29,Loan Payment
950,200,2023-03-12,Principal Payment
951,299,2023-12-10,Principal Payment
952,466,2022-07-22,Principal Payment
953,724,2024-02-10,Interest Payment
954,194,2022-07-17,Loan Payment
955,71,2023-11-16,Loan Payment
956,219,2024-04-18,Principal Payment
957,409,2023-09-07,Principal Payment
958,411,2024-02-13,Interest Payment
959,48,2023-09-25,Principal Payment
960,494,2024-01-31,Principal Payment
961,864,2023-02-16,Interest Payment
962,598,2023-10-13,Loan Payment
963,390,2024-04-13,Interest Payment
964,649,2024-10-07,Principal Payment
965,228,2022-04-26,Interest Payment
966,2,2024-10-07,Loan Payment
967,51,2023-02-12,Principal Payment
968,14,2023-01-20,Loan Payment
969,511,2023-01-23,Loan Payment
970,128,2021-09-19,Interest Payment
971,912,2023-10-30,Loan Payment
972,994,2021-03-24,Loan Payment
973,295,2023-03-21,Interest Payment
974,372,2021-08-16,Loan Payment
975,522,2024-06-28,Principal Payment
976,941,2020-04-16,Interest Payment
977,996,2024-01-29,Loan Payment
978,806,2023-07-08,Principal Payment
979,539,2024-05-07,Interest Payment
980,241,2023-06-23,Interest Payment
981,315,2024-04-07,Principal Payment
982,599,2023-10-12,Loan Payment
983,938,2023-04-11,Loan Payment
984,145,2023-12-14,Interest Payment
985,930,2024-10-06,Loan Payment
986,252,2023-11-29,Interest Payment
987,919,2023-10-05,Loan Payment
988,267,2023-11-25,Loan Payment
989,633,2024-05-02,Interest Payment
990,268,2023-09-21,Principal Payment
991,568,2021-07-03,Principal Payment
992,59,2024-09-09,Principal Payment
993,520,2023-10-28,Loan Payment
994,248,2022-06-07,Principal Payment
995,443,2024-07-05,Interest Payment
996,496,2024-07-28,Principal Payment
997,22,2021-04-16,Principal Payment
998,624,2024-01-03,Principal Payment
999,772,2024-07-19,Loan Payment
1000,165,2023-07-28,Interest Payment
